file,category,description,width,height,colors,site,source_title,author,source_url,license,modified
01-characters/pipoya-townsman-young.png,キャラクター,若者男。32×32、4方向×3コマの歩き,96,128,28,ぴぽや倉庫,RPGキャラ基本セット（キャラチップ.zip）,ぴぽや,https://pipoya.net/sozai/assets/charachip/character-chip-1/,ぴぽや 無料素材利用規約,
01-characters/pipoya-townsman-middle.png,キャラクター,中年男。32×32、4方向×3コマの歩き,96,128,29,ぴぽや倉庫,RPGキャラ基本セット（キャラチップ.zip）,ぴぽや,https://pipoya.net/sozai/assets/charachip/character-chip-1/,ぴぽや 無料素材利用規約,
01-characters/pipoya-townswoman-middle.png,キャラクター,中年女。32×32、4方向×3コマの歩き,96,128,28,ぴぽや倉庫,RPGキャラ基本セット（キャラチップ.zip）,ぴぽや,https://pipoya.net/sozai/assets/charachip/character-chip-1/,ぴぽや 無料素材利用規約,
01-characters/pipoya-old-woman.png,キャラクター,老人女。32×32、4方向×3コマの歩き,96,128,25,ぴぽや倉庫,RPGキャラ基本セット（キャラチップ.zip）,ぴぽや,https://pipoya.net/sozai/assets/charachip/character-chip-1/,ぴぽや 無料素材利用規約,
01-characters/pipoya-boy.png,キャラクター,子供男。32×32、4方向×3コマの歩き,96,128,28,ぴぽや倉庫,RPGキャラ基本セット（キャラチップ.zip）,ぴぽや,https://pipoya.net/sozai/assets/charachip/character-chip-1/,ぴぽや 無料素材利用規約,
01-characters/pipoya-girl.png,キャラクター,子供女。32×32、4方向×3コマの歩き,96,128,27,ぴぽや倉庫,RPGキャラ基本セット（キャラチップ.zip）,ぴぽや,https://pipoya.net/sozai/assets/charachip/character-chip-1/,ぴぽや 無料素材利用規約,
01-characters/pipoya-dog.png,キャラクター,犬。32×32、4方向×3コマの歩き,96,128,13,ぴぽや倉庫,RPGキャラ基本セット（キャラチップ.zip）,ぴぽや,https://pipoya.net/sozai/assets/charachip/character-chip-1/,ぴぽや 無料素材利用規約,
01-characters/pipoya-cat.png,キャラクター,猫。32×32、4方向×3コマの歩き,96,128,11,ぴぽや倉庫,RPGキャラ基本セット（キャラチップ.zip）,ぴぽや,https://pipoya.net/sozai/assets/charachip/character-chip-1/,ぴぽや 無料素材利用規約,
01-characters/pipoya-queen.png,キャラクター,王妃。32×32、4方向×3コマの歩き,96,128,30,ぴぽや倉庫,RPGキャラ基本セット（キャラチップ.zip）,ぴぽや,https://pipoya.net/sozai/assets/charachip/character-chip-1/,ぴぽや 無料素材利用規約,
01-characters/pipoya-prince.png,キャラクター,王子。32×32、4方向×3コマの歩き,96,128,34,ぴぽや倉庫,RPGキャラ基本セット（キャラチップ.zip）,ぴぽや,https://pipoya.net/sozai/assets/charachip/character-chip-1/,ぴぽや 無料素材利用規約,
01-characters/pipoya-princess.png,キャラクター,王女。32×32、4方向×3コマの歩き,96,128,30,ぴぽや倉庫,RPGキャラ基本セット（キャラチップ.zip）,ぴぽや,https://pipoya.net/sozai/assets/charachip/character-chip-1/,ぴぽや 無料素材利用規約,
01-characters/pipoya-minister.png,キャラクター,大臣。32×32、4方向×3コマの歩き,96,128,25,ぴぽや倉庫,RPGキャラ基本セット（キャラチップ.zip）,ぴぽや,https://pipoya.net/sozai/assets/charachip/character-chip-1/,ぴぽや 無料素材利用規約,
01-characters/pipoya-priest.png,キャラクター,神官。32×32、4方向×3コマの歩き,96,128,23,ぴぽや倉庫,RPGキャラ基本セット（キャラチップ.zip）,ぴぽや,https://pipoya.net/sozai/assets/charachip/character-chip-1/,ぴぽや 無料素材利用規約,
01-characters/pipoya-maid.png,キャラクター,メイド。32×32、4方向×3コマの歩き,96,128,27,ぴぽや倉庫,RPGキャラ基本セット（キャラチップ.zip）,ぴぽや,https://pipoya.net/sozai/assets/charachip/character-chip-1/,ぴぽや 無料素材利用規約,
01-characters/pipoya-soldier.png,キャラクター,兵士。32×32、4方向×3コマの歩き,96,128,19,ぴぽや倉庫,RPGキャラ基本セット（キャラチップ.zip）,ぴぽや,https://pipoya.net/sozai/assets/charachip/character-chip-1/,ぴぽや 無料素材利用規約,
02-monsters/pipoya-monster-a.png,モンスター,魔物（色違いa）。32×32、4方向×3コマの歩き,96,128,14,ぴぽや倉庫,RPGキャラ基本セット（キャラチップ.zip）,ぴぽや,https://pipoya.net/sozai/assets/charachip/character-chip-1/,ぴぽや 無料素材利用規約,
02-monsters/pipoya-monster-c.png,モンスター,魔物（色違いc）。32×32、4方向×3コマの歩き,96,128,14,ぴぽや倉庫,RPGキャラ基本セット（キャラチップ.zip）,ぴぽや,https://pipoya.net/sozai/assets/charachip/character-chip-1/,ぴぽや 無料素材利用規約,
01-characters/pipoya-hero-m-a.png,キャラクター,勇者男（色違いa）。32×32、4方向×3コマの歩き,96,128,40,ぴぽや倉庫,RPGキャラ基本セット（キャラチップ.zip）,ぴぽや,https://pipoya.net/sozai/assets/charachip/character-chip-1/,ぴぽや 無料素材利用規約,
01-characters/pipoya-hero-m-b.png,キャラクター,勇者男（色違いb）。32×32、4方向×3コマの歩き,96,128,44,ぴぽや倉庫,RPGキャラ基本セット（キャラチップ.zip）,ぴぽや,https://pipoya.net/sozai/assets/charachip/character-chip-1/,ぴぽや 無料素材利用規約,
01-characters/pipoya-hero-f-a.png,キャラクター,勇者女（色違いa）。32×32、4方向×3コマの歩き,96,128,36,ぴぽや倉庫,RPGキャラ基本セット（キャラチップ.zip）,ぴぽや,https://pipoya.net/sozai/assets/charachip/character-chip-1/,ぴぽや 無料素材利用規約,
01-characters/pipoya-hero-f-b.png,キャラクター,勇者女（色違いb）。32×32、4方向×3コマの歩き,96,128,41,ぴぽや倉庫,RPGキャラ基本セット（キャラチップ.zip）,ぴぽや,https://pipoya.net/sozai/assets/charachip/character-chip-1/,ぴぽや 無料素材利用規約,
01-characters/pipoya-warrior-m.png,キャラクター,戦士男。32×32、4方向×3コマの歩き,96,128,26,ぴぽや倉庫,RPGキャラ基本セット（キャラチップ.zip）,ぴぽや,https://pipoya.net/sozai/assets/charachip/character-chip-1/,ぴぽや 無料素材利用規約,
01-characters/pipoya-warrior-m-a.png,キャラクター,戦士男（色違いa）。32×32、4方向×3コマの歩き,96,128,30,ぴぽや倉庫,RPGキャラ基本セット（キャラチップ.zip）,ぴぽや,https://pipoya.net/sozai/assets/charachip/character-chip-1/,ぴぽや 無料素材利用規約,
01-characters/pipoya-warrior-m-b.png,キャラクター,戦士男（色違いb）。32×32、4方向×3コマの歩き,96,128,30,ぴぽや倉庫,RPGキャラ基本セット（キャラチップ.zip）,ぴぽや,https://pipoya.net/sozai/assets/charachip/character-chip-1/,ぴぽや 無料素材利用規約,
01-characters/pipoya-warrior-f.png,キャラクター,戦士女。32×32、4方向×3コマの歩き,96,128,27,ぴぽや倉庫,RPGキャラ基本セット（キャラチップ.zip）,ぴぽや,https://pipoya.net/sozai/assets/charachip/character-chip-1/,ぴぽや 無料素材利用規約,
01-characters/pipoya-warrior-f-a.png,キャラクター,戦士女（色違いa）。32×32、4方向×3コマの歩き,96,128,29,ぴぽや倉庫,RPGキャラ基本セット（キャラチップ.zip）,ぴぽや,https://pipoya.net/sozai/assets/charachip/character-chip-1/,ぴぽや 無料素材利用規約,
01-characters/pipoya-warrior-f-b.png,キャラクター,戦士女（色違いb）。32×32、4方向×3コマの歩き,96,128,31,ぴぽや倉庫,RPGキャラ基本セット（キャラチップ.zip）,ぴぽや,https://pipoya.net/sozai/assets/charachip/character-chip-1/,ぴぽや 無料素材利用規約,
01-characters/pipoya-mage-m.png,キャラクター,魔法使い男。32×32、4方向×3コマの歩き,96,128,34,ぴぽや倉庫,RPGキャラ基本セット（キャラチップ.zip）,ぴぽや,https://pipoya.net/sozai/assets/charachip/character-chip-1/,ぴぽや 無料素材利用規約,
01-characters/pipoya-mage-m-a.png,キャラクター,魔法使い男（色違いa）。32×32、4方向×3コマの歩き,96,128,33,ぴぽや倉庫,RPGキャラ基本セット（キャラチップ.zip）,ぴぽや,https://pipoya.net/sozai/assets/charachip/character-chip-1/,ぴぽや 無料素材利用規約,
01-characters/pipoya-mage-m-b.png,キャラクター,魔法使い男（色違いb）。32×32、4方向×3コマの歩き,96,128,32,ぴぽや倉庫,RPGキャラ基本セット（キャラチップ.zip）,ぴぽや,https://pipoya.net/sozai/assets/charachip/character-chip-1/,ぴぽや 無料素材利用規約,
01-characters/pipoya-mage-f-a.png,キャラクター,魔法使い女（色違いa）。32×32、4方向×3コマの歩き,96,128,33,ぴぽや倉庫,RPGキャラ基本セット（キャラチップ.zip）,ぴぽや,https://pipoya.net/sozai/assets/charachip/character-chip-1/,ぴぽや 無料素材利用規約,
01-characters/pipoya-mage-f-b.png,キャラクター,魔法使い女（色違いb）。32×32、4方向×3コマの歩き,96,128,28,ぴぽや倉庫,RPGキャラ基本セット（キャラチップ.zip）,ぴぽや,https://pipoya.net/sozai/assets/charachip/character-chip-1/,ぴぽや 無料素材利用規約,
01-characters/pipoya-cleric-m-a.png,キャラクター,僧侶男（色違いa）。32×32、4方向×3コマの歩き,96,128,32,ぴぽや倉庫,RPGキャラ基本セット（キャラチップ.zip）,ぴぽや,https://pipoya.net/sozai/assets/charachip/character-chip-1/,ぴぽや 無料素材利用規約,
01-characters/pipoya-cleric-m-b.png,キャラクター,僧侶男（色違いb）。32×32、4方向×3コマの歩き,96,128,29,ぴぽや倉庫,RPGキャラ基本セット（キャラチップ.zip）,ぴぽや,https://pipoya.net/sozai/assets/charachip/character-chip-1/,ぴぽや 無料素材利用規約,
01-characters/pipoya-cleric-f.png,キャラクター,僧侶女。32×32、4方向×3コマの歩き,96,128,30,ぴぽや倉庫,RPGキャラ基本セット（キャラチップ.zip）,ぴぽや,https://pipoya.net/sozai/assets/charachip/character-chip-1/,ぴぽや 無料素材利用規約,
01-characters/pipoya-cleric-f-a.png,キャラクター,僧侶女（色違いa）。32×32、4方向×3コマの歩き,96,128,32,ぴぽや倉庫,RPGキャラ基本セット（キャラチップ.zip）,ぴぽや,https://pipoya.net/sozai/assets/charachip/character-chip-1/,ぴぽや 無料素材利用規約,
01-characters/pipoya-cleric-f-b.png,キャラクター,僧侶女（色違いb）。32×32、4方向×3コマの歩き,96,128,30,ぴぽや倉庫,RPGキャラ基本セット（キャラチップ.zip）,ぴぽや,https://pipoya.net/sozai/assets/charachip/character-chip-1/,ぴぽや 無料素材利用規約,
01-characters/pipoya-thief-m.png,キャラクター,盗賊男。32×32、4方向×3コマの歩き,96,128,31,ぴぽや倉庫,RPGキャラ基本セット（キャラチップ.zip）,ぴぽや,https://pipoya.net/sozai/assets/charachip/character-chip-1/,ぴぽや 無料素材利用規約,
01-characters/pipoya-thief-m-a.png,キャラクター,盗賊男（色違いa）。32×32、4方向×3コマの歩き,96,128,31,ぴぽや倉庫,RPGキャラ基本セット（キャラチップ.zip）,ぴぽや,https://pipoya.net/sozai/assets/charachip/character-chip-1/,ぴぽや 無料素材利用規約,
01-characters/pipoya-thief-m-b.png,キャラクター,盗賊男（色違いb）。32×32、4方向×3コマの歩き,96,128,33,ぴぽや倉庫,RPGキャラ基本セット（キャラチップ.zip）,ぴぽや,https://pipoya.net/sozai/assets/charachip/character-chip-1/,ぴぽや 無料素材利用規約,
01-characters/pipoya-thief-f.png,キャラクター,盗賊女。32×32、4方向×3コマの歩き,96,128,32,ぴぽや倉庫,RPGキャラ基本セット（キャラチップ.zip）,ぴぽや,https://pipoya.net/sozai/assets/charachip/character-chip-1/,ぴぽや 無料素材利用規約,
01-characters/pipoya-thief-f-a.png,キャラクター,盗賊女（色違いa）。32×32、4方向×3コマの歩き,96,128,32,ぴぽや倉庫,RPGキャラ基本セット（キャラチップ.zip）,ぴぽや,https://pipoya.net/sozai/assets/charachip/character-chip-1/,ぴぽや 無料素材利用規約,
01-characters/pipoya-thief-f-b.png,キャラクター,盗賊女（色違いb）。32×32、4方向×3コマの歩き,96,128,31,ぴぽや倉庫,RPGキャラ基本セット（キャラチップ.zip）,ぴぽや,https://pipoya.net/sozai/assets/charachip/character-chip-1/,ぴぽや 無料素材利用規約,
08-objects-items/pipoya-shadow-1.png,小物・アイテム・乗り物,影（人間用）,96,128,6,ぴぽや倉庫,RPGキャラ基本セット（キャラチップ.zip）,ぴぽや,https://pipoya.net/sozai/assets/charachip/character-chip-1/,ぴぽや 無料素材利用規約,
08-objects-items/pipoya-shadow-2.png,小物・アイテム・乗り物,影（四足動物用）,96,128,6,ぴぽや倉庫,RPGキャラ基本セット（キャラチップ.zip）,ぴぽや,https://pipoya.net/sozai/assets/charachip/character-chip-1/,ぴぽや 無料素材利用規約,
08-objects-items/pipoya-shadow-3.png,小物・アイテム・乗り物,影（大サイズ）,192,256,6,ぴぽや倉庫,RPGキャラ基本セット（キャラチップ.zip）,ぴぽや,https://pipoya.net/sozai/assets/charachip/character-chip-1/,ぴぽや 無料素材利用規約,
08-objects-items/pipoya-shadow-4.png,小物・アイテム・乗り物,影（特大サイズ）,288,384,6,ぴぽや倉庫,RPGキャラ基本セット（キャラチップ.zip）,ぴぽや,https://pipoya.net/sozai/assets/charachip/character-chip-1/,ぴぽや 無料素材利用規約,
01-characters/pipoya2-soldier.png,キャラクター,兵士。32×32、4方向×3コマ,96,128,18,ぴぽや倉庫,ぴぽやキャラチップ32出力素材（ぴぽや32×32 出力画像＋α）,ぴぽや,https://pipoya.net/sozai/assets/charachip/character-chip-2/,ぴぽや 無料素材利用規約,
01-characters/pipoya2-soldier-sword.png,キャラクター,兵士剣。32×32、4方向×3コマ,96,128,24,ぴぽや倉庫,ぴぽやキャラチップ32出力素材（ぴぽや32×32 出力画像＋α）,ぴぽや,https://pipoya.net/sozai/assets/charachip/character-chip-2/,ぴぽや 無料素材利用規約,
01-characters/pipoya2-soldier-sword-shield.png,キャラクター,兵士剣と盾。32×32、4方向×3コマ,96,128,21,ぴぽや倉庫,ぴぽやキャラチップ32出力素材（ぴぽや32×32 出力画像＋α）,ぴぽや,https://pipoya.net/sozai/assets/charachip/character-chip-2/,ぴぽや 無料素材利用規約,
01-characters/pipoya2-soldier-bow.png,キャラクター,兵士弓矢。32×32、4方向×3コマ,96,128,29,ぴぽや倉庫,ぴぽやキャラチップ32出力素材（ぴぽや32×32 出力画像＋α）,ぴぽや,https://pipoya.net/sozai/assets/charachip/character-chip-2/,ぴぽや 無料素材利用規約,
01-characters/pipoya2-soldier-axe.png,キャラクター,兵士斧。32×32、4方向×3コマ,96,128,24,ぴぽや倉庫,ぴぽやキャラチップ32出力素材（ぴぽや32×32 出力画像＋α）,ぴぽや,https://pipoya.net/sozai/assets/charachip/character-chip-2/,ぴぽや 無料素材利用規約,
01-characters/pipoya2-soldier-spear.png,キャラクター,兵士槍。32×32、4方向×3コマ,96,128,23,ぴぽや倉庫,ぴぽやキャラチップ32出力素材（ぴぽや32×32 出力画像＋α）,ぴぽや,https://pipoya.net/sozai/assets/charachip/character-chip-2/,ぴぽや 無料素材利用規約,
01-characters/pipoya2-soldier-magic.png,キャラクター,兵士魔法。32×32、4方向×3コマ,96,128,25,ぴぽや倉庫,ぴぽやキャラチップ32出力素材（ぴぽや32×32 出力画像＋α）,ぴぽや,https://pipoya.net/sozai/assets/charachip/character-chip-2/,ぴぽや 無料素材利用規約,
01-characters/pipoya2-f-elf-queen.png,キャラクター,女・エルフ女王。32×32、4方向×3コマ,96,128,36,ぴぽや倉庫,ぴぽやキャラチップ32出力素材（ぴぽや32×32 出力画像＋α）,ぴぽや,https://pipoya.net/sozai/assets/charachip/character-chip-2/,ぴぽや 無料素材利用規約,
01-characters/pipoya2-f-elf-knight.png,キャラクター,女・エルフ騎士。32×32、4方向×3コマ,96,128,39,ぴぽや倉庫,ぴぽやキャラチップ32出力素材（ぴぽや32×32 出力画像＋α）,ぴぽや,https://pipoya.net/sozai/assets/charachip/character-chip-2/,ぴぽや 無料素材利用規約,
01-characters/pipoya2-f-maid1.png,キャラクター,女・メイド1。32×32、4方向×3コマ,96,128,29,ぴぽや倉庫,ぴぽやキャラチップ32出力素材（ぴぽや32×32 出力画像＋α）,ぴぽや,https://pipoya.net/sozai/assets/charachip/character-chip-2/,ぴぽや 無料素材利用規約,
01-characters/pipoya2-f-maid2.png,キャラクター,女・メイド2。32×32、4方向×3コマ,96,128,32,ぴぽや倉庫,ぴぽやキャラチップ32出力素材（ぴぽや32×32 出力画像＋α）,ぴぽや,https://pipoya.net/sozai/assets/charachip/character-chip-2/,ぴぽや 無料素材利用規約,
01-characters/pipoya2-f-maid3.png,キャラクター,女・メイド3。32×32、4方向×3コマ,96,128,32,ぴぽや倉庫,ぴぽやキャラチップ32出力素材（ぴぽや32×32 出力画像＋α）,ぴぽや,https://pipoya.net/sozai/assets/charachip/character-chip-2/,ぴぽや 無料素材利用規約,
01-characters/pipoya2-f-villager1.png,キャラクター,女・一般人1。32×32、4方向×3コマ,96,128,27,ぴぽや倉庫,ぴぽやキャラチップ32出力素材（ぴぽや32×32 出力画像＋α）,ぴぽや,https://pipoya.net/sozai/assets/charachip/character-chip-2/,ぴぽや 無料素材利用規約,
01-characters/pipoya2-f-villager2.png,キャラクター,女・一般人2。32×32、4方向×3コマ,96,128,27,ぴぽや倉庫,ぴぽやキャラチップ32出力素材（ぴぽや32×32 出力画像＋α）,ぴぽや,https://pipoya.net/sozai/assets/charachip/character-chip-2/,ぴぽや 無料素材利用規約,
01-characters/pipoya2-f-cleric.png,キャラクター,女・僧侶。32×32、4方向×3コマ,96,128,29,ぴぽや倉庫,ぴぽやキャラチップ32出力素材（ぴぽや32×32 出力画像＋α）,ぴぽや,https://pipoya.net/sozai/assets/charachip/character-chip-2/,ぴぽや 無料素材利用規約,
01-characters/pipoya2-f-adventurer.png,キャラクター,女・冒険者。32×32、4方向×3コマ,96,128,37,ぴぽや倉庫,ぴぽやキャラチップ32出力素材（ぴぽや32×32 出力画像＋α）,ぴぽや,https://pipoya.net/sozai/assets/charachip/character-chip-2/,ぴぽや 無料素材利用規約,
01-characters/pipoya2-f-hero.png,キャラクター,女・勇者。32×32、4方向×3コマ,96,128,34,ぴぽや倉庫,ぴぽやキャラチップ32出力素材（ぴぽや32×32 出力画像＋α）,ぴぽや,https://pipoya.net/sozai/assets/charachip/character-chip-2/,ぴぽや 無料素材利用規約,
01-characters/pipoya2-f-scholar.png,キャラクター,女・学者。32×32、4方向×3コマ,96,128,40,ぴぽや倉庫,ぴぽやキャラチップ32出力素材（ぴぽや32×32 出力画像＋α）,ぴぽや,https://pipoya.net/sozai/assets/charachip/character-chip-2/,ぴぽや 無料素材利用規約,
01-characters/pipoya2-f-warrior.png,キャラクター,女・戦士。32×32、4方向×3コマ,96,128,26,ぴぽや倉庫,ぴぽやキャラチップ32出力素材（ぴぽや32×32 出力画像＋α）,ぴぽや,https://pipoya.net/sozai/assets/charachip/character-chip-2/,ぴぽや 無料素材利用規約,
01-characters/pipoya2-f-fighter.png,キャラクター,女・格闘家。32×32、4方向×3コマ,96,128,34,ぴぽや倉庫,ぴぽやキャラチップ32出力素材（ぴぽや32×32 出力画像＋α）,ぴぽや,https://pipoya.net/sozai/assets/charachip/character-chip-2/,ぴぽや 無料素材利用規約,
01-characters/pipoya2-f-catgirl.png,キャラクター,女・猫耳少女。32×32、4方向×3コマ,96,128,34,ぴぽや倉庫,ぴぽやキャラチップ32出力素材（ぴぽや32×32 出力画像＋α）,ぴぽや,https://pipoya.net/sozai/assets/charachip/character-chip-2/,ぴぽや 無料素材利用規約,
01-characters/pipoya2-f-princess.png,キャラクター,女・王女。32×32、4方向×3コマ,96,128,36,ぴぽや倉庫,ぴぽやキャラチップ32出力素材（ぴぽや32×32 出力画像＋α）,ぴぽや,https://pipoya.net/sozai/assets/charachip/character-chip-2/,ぴぽや 無料素材利用規約,
01-characters/pipoya2-f-queen.png,キャラクター,女・王妃。32×32、4方向×3コマ,96,128,29,ぴぽや倉庫,ぴぽやキャラチップ32出力素材（ぴぽや32×32 出力画像＋α）,ぴぽや,https://pipoya.net/sozai/assets/charachip/character-chip-2/,ぴぽや 無料素材利用規約,
01-characters/pipoya2-f-thief.png,キャラクター,女・盗賊。32×32、4方向×3コマ,96,128,33,ぴぽや倉庫,ぴぽやキャラチップ32出力素材（ぴぽや32×32 出力画像＋α）,ぴぽや,https://pipoya.net/sozai/assets/charachip/character-chip-2/,ぴぽや 無料素材利用規約,
01-characters/pipoya2-f-knight.png,キャラクター,女・騎士。32×32、4方向×3コマ,96,128,38,ぴぽや倉庫,ぴぽやキャラチップ32出力素材（ぴぽや32×32 出力画像＋α）,ぴぽや,https://pipoya.net/sozai/assets/charachip/character-chip-2/,ぴぽや 無料素材利用規約,
01-characters/pipoya2-f-mage1.png,キャラクター,女・魔法使い1。32×32、4方向×3コマ,96,128,34,ぴぽや倉庫,ぴぽやキャラチップ32出力素材（ぴぽや32×32 出力画像＋α）,ぴぽや,https://pipoya.net/sozai/assets/charachip/character-chip-2/,ぴぽや 無料素材利用規約,
01-characters/pipoya2-f-mage2.png,キャラクター,女・魔法使い2。32×32、4方向×3コマ,96,128,50,ぴぽや倉庫,ぴぽやキャラチップ32出力素材（ぴぽや32×32 出力画像＋α）,ぴぽや,https://pipoya.net/sozai/assets/charachip/character-chip-2/,ぴぽや 無料素材利用規約,
01-characters/pipoya2-child-girl.png,キャラクター,子供・女の子。32×32、4方向×3コマ,96,128,26,ぴぽや倉庫,ぴぽやキャラチップ32出力素材（ぴぽや32×32 出力画像＋α）,ぴぽや,https://pipoya.net/sozai/assets/charachip/character-chip-2/,ぴぽや 無料素材利用規約,
01-characters/pipoya2-child-girl-traveler.png,キャラクター,子供・旅の女の子。32×32、4方向×3コマ,96,128,31,ぴぽや倉庫,ぴぽやキャラチップ32出力素材（ぴぽや32×32 出力画像＋α）,ぴぽや,https://pipoya.net/sozai/assets/charachip/character-chip-2/,ぴぽや 無料素材利用規約,
01-characters/pipoya2-child-boy-traveler.png,キャラクター,子供・旅の男の子。32×32、4方向×3コマ,96,128,36,ぴぽや倉庫,ぴぽやキャラチップ32出力素材（ぴぽや32×32 出力画像＋α）,ぴぽや,https://pipoya.net/sozai/assets/charachip/character-chip-2/,ぴぽや 無料素材利用規約,
01-characters/pipoya2-child-princess.png,キャラクター,子供・王女様。32×32、4方向×3コマ,96,128,34,ぴぽや倉庫,ぴぽやキャラチップ32出力素材（ぴぽや32×32 出力画像＋α）,ぴぽや,https://pipoya.net/sozai/assets/charachip/character-chip-2/,ぴぽや 無料素材利用規約,
01-characters/pipoya2-child-prince.png,キャラクター,子供・王子様。32×32、4方向×3コマ,96,128,38,ぴぽや倉庫,ぴぽやキャラチップ32出力素材（ぴぽや32×32 出力画像＋α）,ぴぽや,https://pipoya.net/sozai/assets/charachip/character-chip-2/,ぴぽや 無料素材利用規約,
01-characters/pipoya2-child-boy1.png,キャラクター,子供・男の子1。32×32、4方向×3コマ,96,128,27,ぴぽや倉庫,ぴぽやキャラチップ32出力素材（ぴぽや32×32 出力画像＋α）,ぴぽや,https://pipoya.net/sozai/assets/charachip/character-chip-2/,ぴぽや 無料素材利用規約,
01-characters/pipoya2-child-boy2.png,キャラクター,子供・男の子2。32×32、4方向×3コマ,96,128,27,ぴぽや倉庫,ぴぽやキャラチップ32出力素材（ぴぽや32×32 出力画像＋α）,ぴぽや,https://pipoya.net/sozai/assets/charachip/character-chip-2/,ぴぽや 無料素材利用規約,
01-characters/pipoya2-m-elf.png,キャラクター,男・エルフ。32×32、4方向×3コマ,96,128,29,ぴぽや倉庫,ぴぽやキャラチップ32出力素材（ぴぽや32×32 出力画像＋α）,ぴぽや,https://pipoya.net/sozai/assets/charachip/character-chip-2/,ぴぽや 無料素材利用規約,
01-characters/pipoya2-m-villager1.png,キャラクター,男・一般人1。32×32、4方向×3コマ,96,128,27,ぴぽや倉庫,ぴぽやキャラチップ32出力素材（ぴぽや32×32 出力画像＋α）,ぴぽや,https://pipoya.net/sozai/assets/charachip/character-chip-2/,ぴぽや 無料素材利用規約,
01-characters/pipoya2-m-villager2.png,キャラクター,男・一般人2。32×32、4方向×3コマ,96,128,28,ぴぽや倉庫,ぴぽやキャラチップ32出力素材（ぴぽや32×32 出力画像＋α）,ぴぽや,https://pipoya.net/sozai/assets/charachip/character-chip-2/,ぴぽや 無料素材利用規約,
01-characters/pipoya2-m-cleric.png,キャラクター,男・僧侶。32×32、4方向×3コマ,96,128,30,ぴぽや倉庫,ぴぽやキャラチップ32出力素材（ぴぽや32×32 出力画像＋α）,ぴぽや,https://pipoya.net/sozai/assets/charachip/character-chip-2/,ぴぽや 無料素材利用規約,
01-characters/pipoya2-m-hero.png,キャラクター,男・勇者。32×32、4方向×3コマ,96,128,40,ぴぽや倉庫,ぴぽやキャラチップ32出力素材（ぴぽや32×32 出力画像＋α）,ぴぽや,https://pipoya.net/sozai/assets/charachip/character-chip-2/,ぴぽや 無料素材利用規約,
01-characters/pipoya2-m-minister.png,キャラクター,男・大臣。32×32、4方向×3コマ,96,128,24,ぴぽや倉庫,ぴぽやキャラチップ32出力素材（ぴぽや32×32 出力画像＋α）,ぴぽや,https://pipoya.net/sozai/assets/charachip/character-chip-2/,ぴぽや 無料素材利用規約,
01-characters/pipoya2-m-warrior.png,キャラクター,男・戦士。32×32、4方向×3コマ,96,128,25,ぴぽや倉庫,ぴぽやキャラチップ32出力素材（ぴぽや32×32 出力画像＋α）,ぴぽや,https://pipoya.net/sozai/assets/charachip/character-chip-2/,ぴぽや 無料素材利用規約,
01-characters/pipoya2-m-king.png,キャラクター,男・王。32×32、4方向×3コマ,96,128,34,ぴぽや倉庫,ぴぽやキャラチップ32出力素材（ぴぽや32×32 出力画像＋α）,ぴぽや,https://pipoya.net/sozai/assets/charachip/character-chip-2/,ぴぽや 無料素材利用規約,
01-characters/pipoya2-m-thief.png,キャラクター,男・盗賊。32×32、4方向×3コマ,96,128,30,ぴぽや倉庫,ぴぽやキャラチップ32出力素材（ぴぽや32×32 出力画像＋α）,ぴぽや,https://pipoya.net/sozai/assets/charachip/character-chip-2/,ぴぽや 無料素材利用規約,
01-characters/pipoya2-m-priest.png,キャラクター,男・神官。32×32、4方向×3コマ,96,128,24,ぴぽや倉庫,ぴぽやキャラチップ32出力素材（ぴぽや32×32 出力画像＋α）,ぴぽや,https://pipoya.net/sozai/assets/charachip/character-chip-2/,ぴぽや 無料素材利用規約,
01-characters/pipoya2-m-knight1.png,キャラクター,男・騎士1。32×32、4方向×3コマ,96,128,37,ぴぽや倉庫,ぴぽやキャラチップ32出力素材（ぴぽや32×32 出力画像＋α）,ぴぽや,https://pipoya.net/sozai/assets/charachip/character-chip-2/,ぴぽや 無料素材利用規約,
01-characters/pipoya2-m-knight2.png,キャラクター,男・騎士2。32×32、4方向×3コマ,96,128,42,ぴぽや倉庫,ぴぽやキャラチップ32出力素材（ぴぽや32×32 出力画像＋α）,ぴぽや,https://pipoya.net/sozai/assets/charachip/character-chip-2/,ぴぽや 無料素材利用規約,
01-characters/pipoya2-m-mage.png,キャラクター,男・魔法使い。32×32、4方向×3コマ,96,128,33,ぴぽや倉庫,ぴぽやキャラチップ32出力素材（ぴぽや32×32 出力画像＋α）,ぴぽや,https://pipoya.net/sozai/assets/charachip/character-chip-2/,ぴぽや 無料素材利用規約,
01-characters/pipoya2-old-man.png,キャラクター,老人・おじいさん。32×32、4方向×3コマ,96,128,27,ぴぽや倉庫,ぴぽやキャラチップ32出力素材（ぴぽや32×32 出力画像＋α）,ぴぽや,https://pipoya.net/sozai/assets/charachip/character-chip-2/,ぴぽや 無料素材利用規約,
01-characters/pipoya2-old-woman.png,キャラクター,老人・おばあさん。32×32、4方向×3コマ,96,128,41,ぴぽや倉庫,ぴぽやキャラチップ32出力素材（ぴぽや32×32 出力画像＋α）,ぴぽや,https://pipoya.net/sozai/assets/charachip/character-chip-2/,ぴぽや 無料素材利用規約,
01-characters/pipoya2-old-elf-witch.png,キャラクター,老人・エルフ魔女。32×32、4方向×3コマ,96,128,41,ぴぽや倉庫,ぴぽやキャラチップ32出力素材（ぴぽや32×32 出力画像＋α）,ぴぽや,https://pipoya.net/sozai/assets/charachip/character-chip-2/,ぴぽや 無料素材利用規約,
01-characters/pipoya2-old-traveler.png,キャラクター,老人・旅の老人。32×32、4方向×3コマ,96,128,36,ぴぽや倉庫,ぴぽやキャラチップ32出力素材（ぴぽや32×32 出力画像＋α）,ぴぽや,https://pipoya.net/sozai/assets/charachip/character-chip-2/,ぴぽや 無料素材利用規約,
02-monsters/pipoya2-ghost1.png,モンスター,おばけ1。32×32、4方向×3コマ,96,128,15,ぴぽや倉庫,ぴぽやキャラチップ32出力素材（ぴぽや32×32 出力画像＋α）,ぴぽや,https://pipoya.net/sozai/assets/charachip/character-chip-2/,ぴぽや 無料素材利用規約,
02-monsters/pipoya2-ghost2.png,モンスター,おばけ2。32×32、4方向×3コマ,96,128,19,ぴぽや倉庫,ぴぽやキャラチップ32出力素材（ぴぽや32×32 出力画像＋α）,ぴぽや,https://pipoya.net/sozai/assets/charachip/character-chip-2/,ぴぽや 無料素材利用規約,
02-monsters/pipoya2-ghost3.png,モンスター,おばけ3。32×32、4方向×3コマ,96,128,14,ぴぽや倉庫,ぴぽやキャラチップ32出力素材（ぴぽや32×32 出力画像＋α）,ぴぽや,https://pipoya.net/sozai/assets/charachip/character-chip-2/,ぴぽや 無料素材利用規約,
02-monsters/pipoya2-ghost4.png,モンスター,おばけ4。32×32、4方向×3コマ,96,128,18,ぴぽや倉庫,ぴぽやキャラチップ32出力素材（ぴぽや32×32 出力画像＋α）,ぴぽや,https://pipoya.net/sozai/assets/charachip/character-chip-2/,ぴぽや 無料素材利用規約,
02-monsters/pipoya2-ghost5.png,モンスター,おばけ5。32×32、4方向×3コマ,96,128,12,ぴぽや倉庫,ぴぽやキャラチップ32出力素材（ぴぽや32×32 出力画像＋α）,ぴぽや,https://pipoya.net/sozai/assets/charachip/character-chip-2/,ぴぽや 無料素材利用規約,
02-monsters/pipoya2-ghost6.png,モンスター,おばけ6。32×32、4方向×3コマ,96,128,11,ぴぽや倉庫,ぴぽやキャラチップ32出力素材（ぴぽや32×32 出力画像＋α）,ぴぽや,https://pipoya.net/sozai/assets/charachip/character-chip-2/,ぴぽや 無料素材利用規約,
02-monsters/pipoya2-goblin.png,モンスター,ゴブリン。32×32、4方向×3コマ,96,128,21,ぴぽや倉庫,ぴぽやキャラチップ32出力素材（ぴぽや32×32 出力画像＋α）,ぴぽや,https://pipoya.net/sozai/assets/charachip/character-chip-2/,ぴぽや 無料素材利用規約,
02-monsters/pipoya2-goblin-archer.png,モンスター,ゴブリンアーチャー。32×32、4方向×3コマ,96,128,33,ぴぽや倉庫,ぴぽやキャラチップ32出力素材（ぴぽや32×32 出力画像＋α）,ぴぽや,https://pipoya.net/sozai/assets/charachip/character-chip-2/,ぴぽや 無料素材利用規約,
02-monsters/pipoya2-goblin-soldier.png,モンスター,ゴブリンソルジャー。32×32、4方向×3コマ,96,128,31,ぴぽや倉庫,ぴぽやキャラチップ32出力素材（ぴぽや32×32 出力画像＋α）,ぴぽや,https://pipoya.net/sozai/assets/charachip/character-chip-2/,ぴぽや 無料素材利用規約,
02-monsters/pipoya2-goblin-mage.png,モンスター,ゴブリンマジシャン。32×32、4方向×3コマ,96,128,28,ぴぽや倉庫,ぴぽやキャラチップ32出力素材（ぴぽや32×32 出力画像＋α）,ぴぽや,https://pipoya.net/sozai/assets/charachip/character-chip-2/,ぴぽや 無料素材利用規約,
02-monsters/pipoya2-zombie-maid.png,モンスター,ゾンビメイド。32×32、4方向×3コマ,96,128,33,ぴぽや倉庫,ぴぽやキャラチップ32出力素材（ぴぽや32×32 出力画像＋α）,ぴぽや,https://pipoya.net/sozai/assets/charachip/character-chip-2/,ぴぽや 無料素材利用規約,
02-monsters/pipoya2-pumpkin-man.png,モンスター,パンプキンマン。32×32、4方向×3コマ,96,128,14,ぴぽや倉庫,ぴぽやキャラチップ32出力素材（ぴぽや32×32 出力画像＋α）,ぴぽや,https://pipoya.net/sozai/assets/charachip/character-chip-2/,ぴぽや 無料素材利用規約,
02-monsters/pipoya2-pumpkin-maid.png,モンスター,パンプキンメイド。32×32、4方向×3コマ,96,128,36,ぴぽや倉庫,ぴぽやキャラチップ32出力素材（ぴぽや32×32 出力画像＋α）,ぴぽや,https://pipoya.net/sozai/assets/charachip/character-chip-2/,ぴぽや 無料素材利用規約,
02-monsters/pipoya2-phantom3.png,モンスター,亡霊3。32×32、4方向×3コマ,96,128,14,ぴぽや倉庫,ぴぽやキャラチップ32出力素材（ぴぽや32×32 出力画像＋α）,ぴぽや,https://pipoya.net/sozai/assets/charachip/character-chip-2/,ぴぽや 無料素材利用規約,
02-monsters/pipoya2-phantom5.png,モンスター,亡霊5。32×32、4方向×3コマ,96,128,14,ぴぽや倉庫,ぴぽやキャラチップ32出力素材（ぴぽや32×32 出力画像＋α）,ぴぽや,https://pipoya.net/sozai/assets/charachip/character-chip-2/,ぴぽや 無料素材利用規約,
02-monsters/pipoya2-skeleton-maid.png,モンスター,骸骨メイド。32×32、4方向×3コマ,96,128,35,ぴぽや倉庫,ぴぽやキャラチップ32出力素材（ぴぽや32×32 出力画像＋α）,ぴぽや,https://pipoya.net/sozai/assets/charachip/character-chip-2/,ぴぽや 無料素材利用規約,
02-monsters/pipoya2-skeleton-child.png,モンスター,骸骨子供。32×32、4方向×3コマ,96,128,15,ぴぽや倉庫,ぴぽやキャラチップ32出力素材（ぴぽや32×32 出力画像＋α）,ぴぽや,https://pipoya.net/sozai/assets/charachip/character-chip-2/,ぴぽや 無料素材利用規約,
02-monsters/pipoya2-skeleton-warrior1.png,モンスター,骸骨戦士1。32×32、4方向×3コマ,96,128,25,ぴぽや倉庫,ぴぽやキャラチップ32出力素材（ぴぽや32×32 出力画像＋α）,ぴぽや,https://pipoya.net/sozai/assets/charachip/character-chip-2/,ぴぽや 無料素材利用規約,
02-monsters/pipoya2-skeleton-warrior2.png,モンスター,骸骨戦士2。32×32、4方向×3コマ,96,128,26,ぴぽや倉庫,ぴぽやキャラチップ32出力素材（ぴぽや32×32 出力画像＋α）,ぴぽや,https://pipoya.net/sozai/assets/charachip/character-chip-2/,ぴぽや 無料素材利用規約,
02-monsters/pipoya2-skeleton-old.png,モンスター,骸骨老人。32×32、4方向×3コマ,96,128,17,ぴぽや倉庫,ぴぽやキャラチップ32出力素材（ぴぽや32×32 出力画像＋α）,ぴぽや,https://pipoya.net/sozai/assets/charachip/character-chip-2/,ぴぽや 無料素材利用規約,
02-monsters/pipoya2-fiend.png,モンスター,魔物。32×32、4方向×3コマ,96,128,16,ぴぽや倉庫,ぴぽやキャラチップ32出力素材（ぴぽや32×32 出力画像＋α）,ぴぽや,https://pipoya.net/sozai/assets/charachip/character-chip-2/,ぴぽや 無料素材利用規約,
02-monsters/pipoya2-fiend-b.png,モンスター,魔物汎用02。32×32、4方向×3コマ,96,128,261,ぴぽや倉庫,ぴぽやキャラチップ32出力素材（ぴぽや32×32 出力画像＋α）,ぴぽや,https://pipoya.net/sozai/assets/charachip/character-chip-2/,ぴぽや 無料素材利用規約,
02-monsters/pipoya2-fiend-c.png,モンスター,魔物汎用03。32×32、4方向×3コマ,96,128,261,ぴぽや倉庫,ぴぽやキャラチップ32出力素材（ぴぽや32×32 出力画像＋α）,ぴぽや,https://pipoya.net/sozai/assets/charachip/character-chip-2/,ぴぽや 無料素材利用規約,
02-monsters/pipoya2-fiend-e.png,モンスター,魔物汎用05。32×32、4方向×3コマ,96,128,261,ぴぽや倉庫,ぴぽやキャラチップ32出力素材（ぴぽや32×32 出力画像＋α）,ぴぽや,https://pipoya.net/sozai/assets/charachip/character-chip-2/,ぴぽや 無料素材利用規約,
03-bosses/pipoya2-demon-lord.png,ボス,魔王。32×32、4方向×3コマ（ボス向きの見た目）,96,128,41,ぴぽや倉庫,ぴぽやキャラチップ32出力素材（ぴぽや32×32 出力画像＋α）,ぴぽや,https://pipoya.net/sozai/assets/charachip/character-chip-2/,ぴぽや 無料素材利用規約,
03-bosses/pipoya2-skeleton-king.png,ボス,骸骨王。32×32、4方向×3コマ（ボス向きの見た目）,96,128,41,ぴぽや倉庫,ぴぽやキャラチップ32出力素材（ぴぽや32×32 出力画像＋α）,ぴぽや,https://pipoya.net/sozai/assets/charachip/character-chip-2/,ぴぽや 無料素材利用規約,
03-bosses/pipoya2-goblin-king.png,ボス,ゴブリンキング。32×32、4方向×3コマ（ボス向きの見た目）,96,128,53,ぴぽや倉庫,ぴぽやキャラチップ32出力素材（ぴぽや32×32 出力画像＋α）,ぴぽや,https://pipoya.net/sozai/assets/charachip/character-chip-2/,ぴぽや 無料素材利用規約,
03-bosses/pipoya2-dark-priest.png,ボス,闇神官。32×32、4方向×3コマ（ボス向きの見た目）,96,128,27,ぴぽや倉庫,ぴぽやキャラチップ32出力素材（ぴぽや32×32 出力画像＋α）,ぴぽや,https://pipoya.net/sozai/assets/charachip/character-chip-2/,ぴぽや 無料素材利用規約,
01-characters/pipoya2-dog2.png,キャラクター,犬2。32×32,96,128,13,ぴぽや倉庫,ぴぽやキャラチップ32出力素材（ぴぽや32×32 出力画像＋α）,ぴぽや,https://pipoya.net/sozai/assets/charachip/character-chip-2/,ぴぽや 無料素材利用規約,
01-characters/pipoya2-dog3.png,キャラクター,犬3。32×32,96,128,13,ぴぽや倉庫,ぴぽやキャラチップ32出力素材（ぴぽや32×32 出力画像＋α）,ぴぽや,https://pipoya.net/sozai/assets/charachip/character-chip-2/,ぴぽや 無料素材利用規約,
01-characters/pipoya2-cat2.png,キャラクター,猫2。32×32,96,128,12,ぴぽや倉庫,ぴぽやキャラチップ32出力素材（ぴぽや32×32 出力画像＋α）,ぴぽや,https://pipoya.net/sozai/assets/charachip/character-chip-2/,ぴぽや 無料素材利用規約,
01-characters/pipoya2-cat3.png,キャラクター,猫3。32×32,96,128,12,ぴぽや倉庫,ぴぽやキャラチップ32出力素材（ぴぽや32×32 出力画像＋α）,ぴぽや,https://pipoya.net/sozai/assets/charachip/character-chip-2/,ぴぽや 無料素材利用規約,
01-characters/pipoya2-catfolk-hero.png,キャラクター,猫にん・勇者猫。32×32,96,128,38,ぴぽや倉庫,ぴぽやキャラチップ32出力素材（ぴぽや32×32 出力画像＋α）,ぴぽや,https://pipoya.net/sozai/assets/charachip/character-chip-2/,ぴぽや 無料素材利用規約,
01-characters/pipoya2-catfolk-mage.png,キャラクター,猫にん・魔法使い猫。32×32,96,128,28,ぴぽや倉庫,ぴぽやキャラチップ32出力素材（ぴぽや32×32 出力画像＋α）,ぴぽや,https://pipoya.net/sozai/assets/charachip/character-chip-2/,ぴぽや 無料素材利用規約,
01-characters/pipoya2-catfolk-demon-lord.png,キャラクター,猫にん・魔王猫。32×32,96,128,19,ぴぽや倉庫,ぴぽやキャラチップ32出力素材（ぴぽや32×32 出力画像＋α）,ぴぽや,https://pipoya.net/sozai/assets/charachip/character-chip-2/,ぴぽや 無料素材利用規約,
01-characters/pipoya2-catfolk-angel.png,キャラクター,猫にん・天使猫。32×32,96,128,18,ぴぽや倉庫,ぴぽやキャラチップ32出力素材（ぴぽや32×32 出力画像＋α）,ぴぽや,https://pipoya.net/sozai/assets/charachip/character-chip-2/,ぴぽや 無料素材利用規約,
01-characters/pipoya2-catfolk-devil.png,キャラクター,猫にん・悪魔猫。32×32,96,128,26,ぴぽや倉庫,ぴぽやキャラチップ32出力素材（ぴぽや32×32 出力画像＋α）,ぴぽや,https://pipoya.net/sozai/assets/charachip/character-chip-2/,ぴぽや 無料素材利用規約,
01-characters/pipoya2-catfolk-thief.png,キャラクター,猫にん・ドロボウ猫。32×32,96,128,20,ぴぽや倉庫,ぴぽやキャラチップ32出力素材（ぴぽや32×32 出力画像＋α）,ぴぽや,https://pipoya.net/sozai/assets/charachip/character-chip-2/,ぴぽや 無料素材利用規約,
01-characters/pipoya2-catfolk-black.png,キャラクター,猫にん・黒猫。32×32,96,128,11,ぴぽや倉庫,ぴぽやキャラチップ32出力素材（ぴぽや32×32 出力画像＋α）,ぴぽや,https://pipoya.net/sozai/assets/charachip/character-chip-2/,ぴぽや 無料素材利用規約,
01-characters/pipoya2-catfolk-calico.png,キャラクター,猫にん・三毛猫。32×32,96,128,15,ぴぽや倉庫,ぴぽやキャラチップ32出力素材（ぴぽや32×32 出力画像＋α）,ぴぽや,https://pipoya.net/sozai/assets/charachip/character-chip-2/,ぴぽや 無料素材利用規約,
01-characters/pipoya2-catfolk-wanderer.png,キャラクター,猫にん・さすらい猫。32×32,96,128,22,ぴぽや倉庫,ぴぽやキャラチップ32出力素材（ぴぽや32×32 出力画像＋α）,ぴぽや,https://pipoya.net/sozai/assets/charachip/character-chip-2/,ぴぽや 無料素材利用規約,
01-characters/pipoya2-catfolk-bear1.png,キャラクター,猫にん・クマ1。32×32,96,128,14,ぴぽや倉庫,ぴぽやキャラチップ32出力素材（ぴぽや32×32 出力画像＋α）,ぴぽや,https://pipoya.net/sozai/assets/charachip/character-chip-2/,ぴぽや 無料素材利用規約,
01-characters/pipoya2-catfolk-angel-bear.png,キャラクター,猫にん・天使クマ。32×32,96,128,20,ぴぽや倉庫,ぴぽやキャラチップ32出力素材（ぴぽや32×32 出力画像＋α）,ぴぽや,https://pipoya.net/sozai/assets/charachip/character-chip-2/,ぴぽや 無料素材利用規約,
01-characters/pipoya2-catfolk-panda.png,キャラクター,猫にん・パンダ。32×32,96,128,14,ぴぽや倉庫,ぴぽやキャラチップ32出力素材（ぴぽや32×32 出力画像＋α）,ぴぽや,https://pipoya.net/sozai/assets/charachip/character-chip-2/,ぴぽや 無料素材利用規約,
02-monsters/pipoya-symbol-enemy-d.png,モンスター,シンボルエネミー（色d）。32×32、4方向,96,128,261,ぴぽや倉庫,シンプルエネミーシンボル32×32キャラチップ（pipo-simpleenemy01.zip の「４方向」）,ぴぽや,https://pipoya.net/sozai/assets/charachip/character-chip-1/,ぴぽや 無料素材利用規約,
02-monsters/pipoya-symbol-enemy-g.png,モンスター,シンボルエネミー（色g）。32×32、4方向,96,128,261,ぴぽや倉庫,シンプルエネミーシンボル32×32キャラチップ（pipo-simpleenemy01.zip の「４方向」）,ぴぽや,https://pipoya.net/sozai/assets/charachip/character-chip-1/,ぴぽや 無料素材利用規約,
02-monsters/pipoya-symbol-enemy-j.png,モンスター,シンボルエネミー（色j）。32×32、4方向,96,128,261,ぴぽや倉庫,シンプルエネミーシンボル32×32キャラチップ（pipo-simpleenemy01.zip の「４方向」）,ぴぽや,https://pipoya.net/sozai/assets/charachip/character-chip-1/,ぴぽや 無料素材利用規約,
02-monsters/pipoya-symbol-enemy-m.png,モンスター,シンボルエネミー（色m）。32×32、4方向,96,128,261,ぴぽや倉庫,シンプルエネミーシンボル32×32キャラチップ（pipo-simpleenemy01.zip の「４方向」）,ぴぽや,https://pipoya.net/sozai/assets/charachip/character-chip-1/,ぴぽや 無料素材利用規約,
02-monsters/pipoya-symbol-enemy-p.png,モンスター,シンボルエネミー（色p）。32×32、4方向,96,128,261,ぴぽや倉庫,シンプルエネミーシンボル32×32キャラチップ（pipo-simpleenemy01.zip の「４方向」）,ぴぽや,https://pipoya.net/sozai/assets/charachip/character-chip-1/,ぴぽや 無料素材利用規約,
03-bosses/pipoya-halloween-pumpkin-king.png,ボス,カボチャ王様。32×32、4方向×3コマ,96,128,34,ぴぽや倉庫,ハロウィン向け32×32キャラチップ26種セット（halloweenchara2016.zip）,ぴぽや,https://pipoya.net/sozai/assets/charachip/character-chip-1/,ぴぽや 無料素材利用規約,
02-monsters/pipoya-halloween-pumpkin-leaf.png,モンスター,カボチャ葉っぱ人。32×32、4方向×3コマ,96,128,15,ぴぽや倉庫,ハロウィン向け32×32キャラチップ26種セット（halloweenchara2016.zip）,ぴぽや,https://pipoya.net/sozai/assets/charachip/character-chip-1/,ぴぽや 無料素材利用規約,
02-monsters/pipoya-halloween-pumpkin-muscle.png,モンスター,カボチャマッチョ。32×32、4方向×3コマ,96,128,14,ぴぽや倉庫,ハロウィン向け32×32キャラチップ26種セット（halloweenchara2016.zip）,ぴぽや,https://pipoya.net/sozai/assets/charachip/character-chip-1/,ぴぽや 無料素材利用規約,
02-monsters/pipoya-halloween-pumpkin-fiend.png,モンスター,カボチャ怪人。32×32、4方向×3コマ,96,128,23,ぴぽや倉庫,ハロウィン向け32×32キャラチップ26種セット（halloweenchara2016.zip）,ぴぽや,https://pipoya.net/sozai/assets/charachip/character-chip-1/,ぴぽや 無料素材利用規約,
02-monsters/pipoya-halloween-pumpkin-maid.png,モンスター,カボチャメイド。32×32、4方向×3コマ,96,128,26,ぴぽや倉庫,ハロウィン向け32×32キャラチップ26種セット（halloweenchara2016.zip）,ぴぽや,https://pipoya.net/sozai/assets/charachip/character-chip-1/,ぴぽや 無料素材利用規約,
02-monsters/pipoya-halloween-pumpkin-witch.png,モンスター,カボチャ魔女っ子。32×32、4方向×3コマ,96,128,48,ぴぽや倉庫,ハロウィン向け32×32キャラチップ26種セット（halloweenchara2016.zip）,ぴぽや,https://pipoya.net/sozai/assets/charachip/character-chip-1/,ぴぽや 無料素材利用規約,
02-monsters/pipoya-halloween-pumpkin-ghost1.png,モンスター,カボチャおばけ１。32×32、4方向×3コマ,96,128,11,ぴぽや倉庫,ハロウィン向け32×32キャラチップ26種セット（halloweenchara2016.zip）,ぴぽや,https://pipoya.net/sozai/assets/charachip/character-chip-1/,ぴぽや 無料素材利用規約,
02-monsters/pipoya-halloween-pumpkin-ghost2.png,モンスター,カボチャおばけ２。32×32、4方向×3コマ,96,128,11,ぴぽや倉庫,ハロウィン向け32×32キャラチップ26種セット（halloweenchara2016.zip）,ぴぽや,https://pipoya.net/sozai/assets/charachip/character-chip-1/,ぴぽや 無料素材利用規約,
02-monsters/pipoya-halloween-ghost-hat1.png,モンスター,おばけ帽子１。32×32、4方向×3コマ,96,128,15,ぴぽや倉庫,ハロウィン向け32×32キャラチップ26種セット（halloweenchara2016.zip）,ぴぽや,https://pipoya.net/sozai/assets/charachip/character-chip-1/,ぴぽや 無料素材利用規約,
02-monsters/pipoya-halloween-ghost-hat2.png,モンスター,おばけ帽子２。32×32、4方向×3コマ,96,128,15,ぴぽや倉庫,ハロウィン向け32×32キャラチップ26種セット（halloweenchara2016.zip）,ぴぽや,https://pipoya.net/sozai/assets/charachip/character-chip-1/,ぴぽや 無料素材利用規約,
02-monsters/pipoya-halloween-ghost-eggshell.png,モンスター,おばけ卵殻。32×32、4方向×3コマ,96,128,14,ぴぽや倉庫,ハロウィン向け32×32キャラチップ26種セット（halloweenchara2016.zip）,ぴぽや,https://pipoya.net/sozai/assets/charachip/character-chip-1/,ぴぽや 無料素材利用規約,
02-monsters/pipoya-halloween-ghost-silkhat.png,モンスター,おばけシルクハット。32×32、4方向×3コマ,96,128,16,ぴぽや倉庫,ハロウィン向け32×32キャラチップ26種セット（halloweenchara2016.zip）,ぴぽや,https://pipoya.net/sozai/assets/charachip/character-chip-1/,ぴぽや 無料素材利用規約,
02-monsters/pipoya-halloween-ghost-normal.png,モンスター,おばけノーマル目。32×32、4方向×3コマ,96,128,8,ぴぽや倉庫,ハロウィン向け32×32キャラチップ26種セット（halloweenchara2016.zip）,ぴぽや,https://pipoya.net/sozai/assets/charachip/character-chip-1/,ぴぽや 無料素材利用規約,
02-monsters/pipoya-halloween-ghost-whiteeye.png,モンスター,おばけ白目。32×32、4方向×3コマ,96,128,6,ぴぽや倉庫,ハロウィン向け32×32キャラチップ26種セット（halloweenchara2016.zip）,ぴぽや,https://pipoya.net/sozai/assets/charachip/character-chip-1/,ぴぽや 無料素材利用規約,
02-monsters/pipoya-halloween-ghost-scary1.png,モンスター,おばけ怖い目１。32×32、4方向×3コマ,96,128,11,ぴぽや倉庫,ハロウィン向け32×32キャラチップ26種セット（halloweenchara2016.zip）,ぴぽや,https://pipoya.net/sozai/assets/charachip/character-chip-1/,ぴぽや 無料素材利用規約,
02-monsters/pipoya-halloween-ghost-scary2.png,モンスター,おばけ怖い目２。32×32、4方向×3コマ,96,128,13,ぴぽや倉庫,ハロウィン向け32×32キャラチップ26種セット（halloweenchara2016.zip）,ぴぽや,https://pipoya.net/sozai/assets/charachip/character-chip-1/,ぴぽや 無料素材利用規約,
02-monsters/pipoya-halloween-ghost-shadoweye.png,モンスター,おばけ影目。32×32、4方向×3コマ,96,128,12,ぴぽや倉庫,ハロウィン向け32×32キャラチップ26種セット（halloweenchara2016.zip）,ぴぽや,https://pipoya.net/sozai/assets/charachip/character-chip-1/,ぴぽや 無料素材利用規約,
02-monsters/pipoya-halloween-ghost-hole1.png,モンスター,おばけ穴目１。32×32、4方向×3コマ,96,128,9,ぴぽや倉庫,ハロウィン向け32×32キャラチップ26種セット（halloweenchara2016.zip）,ぴぽや,https://pipoya.net/sozai/assets/charachip/character-chip-1/,ぴぽや 無料素材利用規約,
02-monsters/pipoya-halloween-ghost-hole2.png,モンスター,おばけ穴目２。32×32、4方向×3コマ,96,128,9,ぴぽや倉庫,ハロウィン向け32×32キャラチップ26種セット（halloweenchara2016.zip）,ぴぽや,https://pipoya.net/sozai/assets/charachip/character-chip-1/,ぴぽや 無料素材利用規約,
02-monsters/pipoya-halloween-ghost-hole3.png,モンスター,おばけ穴目３。32×32、4方向×3コマ,96,128,9,ぴぽや倉庫,ハロウィン向け32×32キャラチップ26種セット（halloweenchara2016.zip）,ぴぽや,https://pipoya.net/sozai/assets/charachip/character-chip-1/,ぴぽや 無料素材利用規約,
02-monsters/pipoya-halloween-ghost-hole4.png,モンスター,おばけ穴目４。32×32、4方向×3コマ,96,128,9,ぴぽや倉庫,ハロウィン向け32×32キャラチップ26種セット（halloweenchara2016.zip）,ぴぽや,https://pipoya.net/sozai/assets/charachip/character-chip-1/,ぴぽや 無料素材利用規約,
03-bosses/pipoya-halloween-ghost-king.png,ボス,おばけ王様。32×32、4方向×3コマ,96,128,19,ぴぽや倉庫,ハロウィン向け32×32キャラチップ26種セット（halloweenchara2016.zip）,ぴぽや,https://pipoya.net/sozai/assets/charachip/character-chip-1/,ぴぽや 無料素材利用規約,
01-characters/pipoya-halloween-witch-f.png,キャラクター,魔法使い女（ハロウィン）。32×32、4方向×3コマ,96,128,56,ぴぽや倉庫,ハロウィン向け32×32キャラチップ26種セット（halloweenchara2016.zip）,ぴぽや,https://pipoya.net/sozai/assets/charachip/character-chip-1/,ぴぽや 無料素材利用規約,
01-characters/pipoya-halloween-witch-m.png,キャラクター,魔法使い男（ハロウィン）。32×32、4方向×3コマ,96,128,52,ぴぽや倉庫,ハロウィン向け32×32キャラチップ26種セット（halloweenchara2016.zip）,ぴぽや,https://pipoya.net/sozai/assets/charachip/character-chip-1/,ぴぽや 無料素材利用規約,
08-objects-items/pipoya-chest.png,小物・アイテム・乗り物,宝箱３種,96,128,62,ぴぽや倉庫,その他キャラチップ（キャラチップ＋.zip）,ぴぽや,https://pipoya.net/sozai/assets/charachip/character-chip-1/,ぴぽや 無料素材利用規約,
08-objects-items/pipoya-chest-a.png,小物・アイテム・乗り物,宝箱３種（a）,96,128,62,ぴぽや倉庫,その他キャラチップ（キャラチップ＋.zip）,ぴぽや,https://pipoya.net/sozai/assets/charachip/character-chip-1/,ぴぽや 無料素材利用規約,
08-objects-items/pipoya-chest-b.png,小物・アイテム・乗り物,宝箱３種（b）,96,128,58,ぴぽや倉庫,その他キャラチップ（キャラチップ＋.zip）,ぴぽや,https://pipoya.net/sozai/assets/charachip/character-chip-1/,ぴぽや 無料素材利用規約,
08-objects-items/pipoya-chest-c.png,小物・アイテム・乗り物,宝箱３種（c）,96,128,62,ぴぽや倉庫,その他キャラチップ（キャラチップ＋.zip）,ぴぽや,https://pipoya.net/sozai/assets/charachip/character-chip-1/,ぴぽや 無料素材利用規約,
08-objects-items/pipoya-chest-d.png,小物・アイテム・乗り物,宝箱３種（d）,96,128,62,ぴぽや倉庫,その他キャラチップ（キャラチップ＋.zip）,ぴぽや,https://pipoya.net/sozai/assets/charachip/character-chip-1/,ぴぽや 無料素材利用規約,
08-objects-items/pipoya-light.png,小物・アイテム・乗り物,光モノ４種,96,128,127,ぴぽや倉庫,その他キャラチップ（キャラチップ＋.zip）,ぴぽや,https://pipoya.net/sozai/assets/charachip/character-chip-1/,ぴぽや 無料素材利用規約,
08-objects-items/pipoya-light-a.png,小物・アイテム・乗り物,光モノ４種（a）,96,128,127,ぴぽや倉庫,その他キャラチップ（キャラチップ＋.zip）,ぴぽや,https://pipoya.net/sozai/assets/charachip/character-chip-1/,ぴぽや 無料素材利用規約,
08-objects-items/pipoya-light-b.png,小物・アイテム・乗り物,光モノ４種（b）,96,128,127,ぴぽや倉庫,その他キャラチップ（キャラチップ＋.zip）,ぴぽや,https://pipoya.net/sozai/assets/charachip/character-chip-1/,ぴぽや 無料素材利用規約,
08-objects-items/pipoya-light-c.png,小物・アイテム・乗り物,光モノ４種（c）,96,128,127,ぴぽや倉庫,その他キャラチップ（キャラチップ＋.zip）,ぴぽや,https://pipoya.net/sozai/assets/charachip/character-chip-1/,ぴぽや 無料素材利用規約,
08-objects-items/pipoya-light-d.png,小物・アイテム・乗り物,光モノ４種（d）,96,128,127,ぴぽや倉庫,その他キャラチップ（キャラチップ＋.zip）,ぴぽや,https://pipoya.net/sozai/assets/charachip/character-chip-1/,ぴぽや 無料素材利用規約,
08-objects-items/pipoya-fire.png,小物・アイテム・乗り物,燃えモノ４種（焚き火・松明・ろうそく・ランプ）,96,128,127,ぴぽや倉庫,その他キャラチップ（キャラチップ＋.zip）,ぴぽや,https://pipoya.net/sozai/assets/charachip/character-chip-1/,ぴぽや 無料素材利用規約,
08-objects-items/pipoya-fire-a.png,小物・アイテム・乗り物,燃えモノ４種（焚き火・松明・ろうそく・ランプ）（a）,96,128,127,ぴぽや倉庫,その他キャラチップ（キャラチップ＋.zip）,ぴぽや,https://pipoya.net/sozai/assets/charachip/character-chip-1/,ぴぽや 無料素材利用規約,
08-objects-items/pipoya-airship-1.png,小物・アイテム・乗り物,飛空艇1。32×32、4方向,96,128,15,ぴぽや倉庫,飛空艇２種（pipo-airship01.zip）,ぴぽや,https://pipoya.net/sozai/assets/charachip/character-chip-1/,ぴぽや 無料素材利用規約,
08-objects-items/pipoya-airship-2.png,小物・アイテム・乗り物,飛空艇2。32×32、4方向,96,128,15,ぴぽや倉庫,飛空艇２種（pipo-airship01.zip）,ぴぽや,https://pipoya.net/sozai/assets/charachip/character-chip-1/,ぴぽや 無料素材利用規約,
04-field/pipoya-autotile-grass1.png,フィールド,オートタイル「Grass1」を展開したもの（32×32。ウディタ以外でも使える並び）,256,192,550,ぴぽや倉庫,ウディタ２用マップセット（ウディタ2_32x32mapchip_20210215.zip）,ぴぽや,https://pipoya.net/sozai/assets/map-chip_tileset32/,ぴぽや 無料素材利用規約,
04-field/pipoya-autotile-grass2.png,フィールド,オートタイル「Grass2」を展開したもの（32×32。ウディタ以外でも使える並び）,256,192,533,ぴぽや倉庫,ウディタ２用マップセット（ウディタ2_32x32mapchip_20210215.zip）,ぴぽや,https://pipoya.net/sozai/assets/map-chip_tileset32/,ぴぽや 無料素材利用規約,
04-field/pipoya-autotile-grass3.png,フィールド,オートタイル「Grass3」を展開したもの（32×32。ウディタ以外でも使える並び）,256,192,546,ぴぽや倉庫,ウディタ２用マップセット（ウディタ2_32x32mapchip_20210215.zip）,ぴぽや,https://pipoya.net/sozai/assets/map-chip_tileset32/,ぴぽや 無料素材利用規約,
04-field/pipoya-autotile-grass4.png,フィールド,オートタイル「Grass4」を展開したもの（32×32。ウディタ以外でも使える並び）,256,192,549,ぴぽや倉庫,ウディタ２用マップセット（ウディタ2_32x32mapchip_20210215.zip）,ぴぽや,https://pipoya.net/sozai/assets/map-chip_tileset32/,ぴぽや 無料素材利用規約,
04-field/pipoya-autotile-grass1-dirt1.png,フィールド,オートタイル「Grass1-Dirt1」を展開したもの（32×32。ウディタ以外でも使える並び）,256,192,563,ぴぽや倉庫,ウディタ２用マップセット（ウディタ2_32x32mapchip_20210215.zip）,ぴぽや,https://pipoya.net/sozai/assets/map-chip_tileset32/,ぴぽや 無料素材利用規約,
04-field/pipoya-autotile-grass1-dirt3.png,フィールド,オートタイル「Grass1-Dirt3」を展開したもの（32×32。ウディタ以外でも使える並び）,256,192,609,ぴぽや倉庫,ウディタ２用マップセット（ウディタ2_32x32mapchip_20210215.zip）,ぴぽや,https://pipoya.net/sozai/assets/map-chip_tileset32/,ぴぽや 無料素材利用規約,
04-field/pipoya-autotile-dirt1.png,フィールド,オートタイル「Dirt1」を展開したもの（32×32。ウディタ以外でも使える並び）,256,192,475,ぴぽや倉庫,ウディタ２用マップセット（ウディタ2_32x32mapchip_20210215.zip）,ぴぽや,https://pipoya.net/sozai/assets/map-chip_tileset32/,ぴぽや 無料素材利用規約,
04-field/pipoya-autotile-dirt2.png,フィールド,オートタイル「Dirt2」を展開したもの（32×32。ウディタ以外でも使える並び）,256,192,549,ぴぽや倉庫,ウディタ２用マップセット（ウディタ2_32x32mapchip_20210215.zip）,ぴぽや,https://pipoya.net/sozai/assets/map-chip_tileset32/,ぴぽや 無料素材利用規約,
04-field/pipoya-autotile-dirt3.png,フィールド,オートタイル「Dirt3」を展開したもの（32×32。ウディタ以外でも使える並び）,256,192,464,ぴぽや倉庫,ウディタ２用マップセット（ウディタ2_32x32mapchip_20210215.zip）,ぴぽや,https://pipoya.net/sozai/assets/map-chip_tileset32/,ぴぽや 無料素材利用規約,
04-field/pipoya-autotile-flower.png,フィールド,オートタイル「Flower」を展開したもの（32×32。ウディタ以外でも使える並び）,256,192,18,ぴぽや倉庫,ウディタ２用マップセット（ウディタ2_32x32mapchip_20210215.zip）,ぴぽや,https://pipoya.net/sozai/assets/map-chip_tileset32/,ぴぽや 無料素材利用規約,
04-field/pipoya-autotile-longgrass.png,フィールド,オートタイル「LongGrass」を展開したもの（32×32。ウディタ以外でも使える並び）,256,192,15,ぴぽや倉庫,ウディタ２用マップセット（ウディタ2_32x32mapchip_20210215.zip）,ぴぽや,https://pipoya.net/sozai/assets/map-chip_tileset32/,ぴぽや 無料素材利用規約,
04-field/pipoya-autotile-water1.png,フィールド,オートタイル「Water1」を展開したもの（32×32。ウディタ以外でも使える並び）,2048,192,1117,ぴぽや倉庫,ウディタ２用マップセット（ウディタ2_32x32mapchip_20210215.zip）,ぴぽや,https://pipoya.net/sozai/assets/map-chip_tileset32/,ぴぽや 無料素材利用規約,
04-field/pipoya-autotile-water3.png,フィールド,オートタイル「Water3」を展開したもの（32×32。ウディタ以外でも使える並び）,2048,192,346,ぴぽや倉庫,ウディタ２用マップセット（ウディタ2_32x32mapchip_20210215.zip）,ぴぽや,https://pipoya.net/sozai/assets/map-chip_tileset32/,ぴぽや 無料素材利用規約,
04-field/pipoya-autotile-water5.png,フィールド,オートタイル「Water5」を展開したもの（32×32。ウディタ以外でも使える並び）,2048,192,1027,ぴぽや倉庫,ウディタ２用マップセット（ウディタ2_32x32mapchip_20210215.zip）,ぴぽや,https://pipoya.net/sozai/assets/map-chip_tileset32/,ぴぽや 無料素材利用規約,
04-field/pipoya-autotile-water7.png,フィールド,オートタイル「Water7」を展開したもの（32×32。ウディタ以外でも使える並び）,2048,192,984,ぴぽや倉庫,ウディタ２用マップセット（ウディタ2_32x32mapchip_20210215.zip）,ぴぽや,https://pipoya.net/sozai/assets/map-chip_tileset32/,ぴぽや 無料素材利用規約,
04-field/pipoya-autotile-waterfall1.png,フィールド,オートタイル「WaterFall1」を展開したもの（32×32。ウディタ以外でも使える並び）,1024,192,3565,ぴぽや倉庫,ウディタ２用マップセット（ウディタ2_32x32mapchip_20210215.zip）,ぴぽや,https://pipoya.net/sozai/assets/map-chip_tileset32/,ぴぽや 無料素材利用規約,
06-dungeon/pipoya-autotile-wall-up1.png,ダンジョン,オートタイル「Wall-Up1」を展開したもの（壁・洞窟の水。32×32）,256,192,6,ぴぽや倉庫,ウディタ２用マップセット（ウディタ2_32x32mapchip_20210215.zip）,ぴぽや,https://pipoya.net/sozai/assets/map-chip_tileset32/,ぴぽや 無料素材利用規約,
06-dungeon/pipoya-autotile-wall-up2.png,ダンジョン,オートタイル「Wall-Up2」を展開したもの（壁・洞窟の水。32×32）,256,192,6,ぴぽや倉庫,ウディタ２用マップセット（ウディタ2_32x32mapchip_20210215.zip）,ぴぽや,https://pipoya.net/sozai/assets/map-chip_tileset32/,ぴぽや 無料素材利用規約,
06-dungeon/pipoya-autotile-water3-cave1.png,ダンジョン,オートタイル「Water3_Cave1」を展開したもの（壁・洞窟の水。32×32）,2048,192,276,ぴぽや倉庫,ウディタ２用マップセット（ウディタ2_32x32mapchip_20210215.zip）,ぴぽや,https://pipoya.net/sozai/assets/map-chip_tileset32/,ぴぽや 無料素材利用規約,
06-dungeon/pipoya-door-1.png,ダンジョン,扉の開くアニメ1,192,384,92,ぴぽや倉庫,ウディタ２用マップセット（ウディタ2_32x32mapchip_20210215.zip）,ぴぽや,https://pipoya.net/sozai/assets/map-chip_tileset32/,ぴぽや 無料素材利用規約,
06-dungeon/pipoya-door-2.png,ダンジョン,扉の開くアニメ2,192,384,61,ぴぽや倉庫,ウディタ２用マップセット（ウディタ2_32x32mapchip_20210215.zip）,ぴぽや,https://pipoya.net/sozai/assets/map-chip_tileset32/,ぴぽや 無料素材利用規約,
06-dungeon/pipoya-door-3.png,ダンジョン,扉の開くアニメ3,384,384,52,ぴぽや倉庫,ウディタ２用マップセット（ウディタ2_32x32mapchip_20210215.zip）,ぴぽや,https://pipoya.net/sozai/assets/map-chip_tileset32/,ぴぽや 無料素材利用規約,
04-field/pipoya-basechip-all.png,フィールド,基本マップチップ全体（フィールド・町・屋内・ダンジョン・雪の町・壊れた町。8列×249段、32×32）,256,7968,3724,ぴぽや倉庫,ウディタ２用マップセット（ウディタ2_32x32mapchip_20210215.zip）,ぴぽや,https://pipoya.net/sozai/assets/map-chip_tileset32/,ぴぽや 無料素材利用規約,
04-field/pipoya-basechip-field-nature.png,フィールド,基本マップチップより: 木・崖・草花・畑など（フィールド）,256,736,984,ぴぽや倉庫,ウディタ２用マップセット（ウディタ2_32x32mapchip_20210215.zip）,ぴぽや,https://pipoya.net/sozai/assets/map-chip_tileset32/,ぴぽや 無料素材利用規約,切り出し
07-town-indoor/pipoya-basechip-town-outdoor.png,町・屋内,基本マップチップより: 柵・橋・床・町の小物,256,800,671,ぴぽや倉庫,ウディタ２用マップセット（ウディタ2_32x32mapchip_20210215.zip）,ぴぽや,https://pipoya.net/sozai/assets/map-chip_tileset32/,ぴぽや 無料素材利用規約,切り出し
07-town-indoor/pipoya-basechip-walls-roofs.png,町・屋内,基本マップチップより: 家の壁・屋根,256,832,690,ぴぽや倉庫,ウディタ２用マップセット（ウディタ2_32x32mapchip_20210215.zip）,ぴぽや,https://pipoya.net/sozai/assets/map-chip_tileset32/,ぴぽや 無料素材利用規約,切り出し
07-town-indoor/pipoya-basechip-indoor.png,町・屋内,基本マップチップより: 屋内の床・家具・小物,256,1888,1885,ぴぽや倉庫,ウディタ２用マップセット（ウディタ2_32x32mapchip_20210215.zip）,ぴぽや,https://pipoya.net/sozai/assets/map-chip_tileset32/,ぴぽや 無料素材利用規約,切り出し
06-dungeon/pipoya-basechip-dungeon-walls.png,ダンジョン,基本マップチップより: ダンジョン・洞窟の壁と床,256,768,78,ぴぽや倉庫,ウディタ２用マップセット（ウディタ2_32x32mapchip_20210215.zip）,ぴぽや,https://pipoya.net/sozai/assets/map-chip_tileset32/,ぴぽや 無料素材利用規約,切り出し
06-dungeon/pipoya-basechip-dungeon-objects.png,ダンジョン,基本マップチップより: ダンジョンの仕掛け・岩,256,224,74,ぴぽや倉庫,ウディタ２用マップセット（ウディタ2_32x32mapchip_20210215.zip）,ぴぽや,https://pipoya.net/sozai/assets/map-chip_tileset32/,ぴぽや 無料素材利用規約,切り出し
07-town-indoor/pipoya-basechip-snow-town.png,町・屋内,基本マップチップより: 雪の町（※16×16版を2倍にしたもの）,256,1536,127,ぴぽや倉庫,ウディタ２用マップセット（ウディタ2_32x32mapchip_20210215.zip）,ぴぽや,https://pipoya.net/sozai/assets/map-chip_tileset32/,ぴぽや 無料素材利用規約,切り出し
06-dungeon/pipoya-basechip-ruins.png,ダンジョン,基本マップチップより: 壊れた町・がれき（※一部は16×16版を2倍にしたもの）,256,1184,154,ぴぽや倉庫,ウディタ２用マップセット（ウディタ2_32x32mapchip_20210215.zip）,ぴぽや,https://pipoya.net/sozai/assets/map-chip_tileset32/,ぴぽや 無料素材利用規約,切り出し
01-characters/kenney-roguelike-characters.png,キャラクター,Kenney「Roguelike Characters」: 16×16の人物と装備の組み合わせ部品,918,203,78,Kenney,Roguelike Characters,Kenney,https://kenney.nl/assets/roguelike-characters,CC0 1.0,
01-characters/puny-archer-green.png,キャラクター,Puny Characters: 32×32、8方向の人物,768,256,44,OpenGameArt,Puny Characters,Shade,https://opengameart.org/content/puny-characters,CC0 1.0,
01-characters/puny-character-base.png,キャラクター,Puny Characters: 32×32、8方向の人物,768,256,32,OpenGameArt,Puny Characters,Shade,https://opengameart.org/content/puny-characters,CC0 1.0,
01-characters/puny-human-soldier-cyan.png,キャラクター,Puny Characters: 32×32、8方向の人物,768,256,40,OpenGameArt,Puny Characters,Shade,https://opengameart.org/content/puny-characters,CC0 1.0,
01-characters/puny-human-worker-red.png,キャラクター,Puny Characters: 32×32、8方向の人物,768,256,40,OpenGameArt,Puny Characters,Shade,https://opengameart.org/content/puny-characters,CC0 1.0,
01-characters/puny-mage-red.png,キャラクター,Puny Characters: 32×32、8方向の人物,768,256,40,OpenGameArt,Puny Characters,Shade,https://opengameart.org/content/puny-characters,CC0 1.0,
01-characters/puny-soldier-blue.png,キャラクター,Puny Characters: 32×32、8方向の人物,768,256,42,OpenGameArt,Puny Characters,Shade,https://opengameart.org/content/puny-characters,CC0 1.0,
01-characters/puny-warrior-blue.png,キャラクター,Puny Characters: 32×32、8方向の人物,768,256,43,OpenGameArt,Puny Characters,Shade,https://opengameart.org/content/puny-characters,CC0 1.0,
01-characters/oga-rpg-16x16-characters.png,キャラクター,16×16の8bit風RPGキャラ7人（歩き）,256,128,12,OpenGameArt,16x16 8-bit RPG character set,devurandom,https://opengameart.org/content/16x16-8-bit-rpg-character-set,CC0 1.0,
01-characters/oga-classic-hero.png,キャラクター,クラシックな主人公（16×16、歩き・攻撃）,128,112,11,OpenGameArt,Classic Hero,GrafxKid,https://opengameart.org/content/classic-hero,CC0 1.0,
01-characters/oga-tiny-characters.png,キャラクター,小さな人物の見本集（男女）,288,204,225,OpenGameArt,Tiny Characters Set,Fleurman,https://opengameart.org/content/tiny-characters-set,CC0 1.0,
01-characters/oga-basic-charset-blue.png,キャラクター,4方向歩きの基本キャラ（青）,384,512,22,OpenGameArt,Walking Character Set,ATMANAN,https://opengameart.org/content/walking-character-set,CC0 1.0,
01-characters/oga-basic-charset-red.png,キャラクター,4方向歩きの基本キャラ（赤）,384,512,23,OpenGameArt,Walking Character Set,ATMANAN,https://opengameart.org/content/walking-character-set,CC0 1.0,
01-characters/oga-8bit-hero.png,キャラクター,8bit風の主人公（4方向）,144,192,33,OpenGameArt,8bit rpg hero,danbu,https://opengameart.org/content/8bit-rpg-hero,CC0 1.0,
01-characters/oga-nes-knight.png,キャラクター,ファミコン風の騎士（色数の少ない例）,480,312,13,OpenGameArt,RPG Character 'Knight' (NES),Chasersgaming,https://opengameart.org/content/rpg-character-knight-nes,CC0 1.0,
01-characters/oga-1bit-charset.png,キャラクター,1bit（白黒）の人物・骸骨など 32×32,256,672,2,OpenGameArt,1-Bit Doomsphere Charset,B77345-100,https://opengameart.org/content/1-bit-doomsphere-charset,CC0 1.0,
01-characters/oga-16x16-base-male.png,キャラクター,16×16の素体（男）,126,144,7,OpenGameArt,16x16 base sprites,Unnamed,https://opengameart.org/content/16x16-base-sprites,CC0 1.0,
01-characters/oga-16x16-base-female.png,キャラクター,16×16の素体（女）,126,144,7,OpenGameArt,16x16 base sprites,Unnamed,https://opengameart.org/content/16x16-base-sprites,CC0 1.0,
01-characters/oga-tiny-rpg-char-a.png,キャラクター,小さなRPGキャラ（歩き）A,288,192,21,OpenGameArt,Tiny RPG CC0 Characters and Portraits,tiopalada,https://opengameart.org/content/tiny-rpg-cc0-characters-and-portraits,CC0 1.0,
01-characters/oga-tiny-rpg-char-b.png,キャラクター,小さなRPGキャラ（歩き）B,288,192,19,OpenGameArt,Tiny RPG CC0 Characters and Portraits,tiopalada,https://opengameart.org/content/tiny-rpg-cc0-characters-and-portraits,CC0 1.0,
01-characters/oga-npc-and-enemies.png,キャラクター,町の人と敵の一覧（小さめ）,126,414,98,OpenGameArt,NPC and Enemies,Refo,https://opengameart.org/content/npc-and-enemies-0,CC0 1.0,
01-characters/oga-bushly-princess.png,キャラクター,小さな王女と相棒,224,176,18,OpenGameArt,Bushly and Princess Sera,GrafxKid,https://opengameart.org/content/bushly-and-princess-sera,CC0 1.0,
01-characters/oga-rpg-portraits.png,キャラクター,会話用の顔グラフィック集,328,112,15,OpenGameArt,RPG portraits,Buch,https://opengameart.org/content/rpg-portraits,CC0 1.0,
01-characters/oga-human-character.gif,キャラクター,人間キャラ（戦闘アニメ付き）,100,80,19,OpenGameArt,Human RPG Character,Shepardskin,https://opengameart.org/content/human-rpg-character,CC0 1.0,
02-monsters/oga-colorful-slimes.png,モンスター,いろいろな色のスライム 32×32,288,224,254,OpenGameArt,32x32 colorful slimes!,AndHeGames,https://opengameart.org/content/32x32-colorful-slimes,CC0 1.0,
02-monsters/oga-creatures-vol3.png,モンスター,32×32のクリーチャー集,320,200,95,OpenGameArt,32x32 pixel art creatures volume 3,AndHeGames,https://opengameart.org/content/32x32-pixel-art-creatures-volume-3,CC0 1.0,
02-monsters/oga-8x8-critters.png,モンスター,8×8の小さな生き物,224,32,38,OpenGameArt,8x8 Critter Pack,patvanmackelberg,https://opengameart.org/content/8x8-critter-pack,CC0 1.0,
02-monsters/oga-zombies-skeletons.png,モンスター,ゾンビと骸骨,150,75,16,OpenGameArt,Zombies & Skeletons,artisticdude,https://opengameart.org/content/zombies-skeletons,CC0 1.0,
02-monsters/oga-classic-baddies.png,モンスター,主人公と敵いろいろ（16×16）,224,320,19,OpenGameArt,Classic hero and baddies pack,GrafxKid,https://opengameart.org/content/classic-hero-and-baddies-pack,CC0 1.0,
02-monsters/oga-floating-eyeball.png,モンスター,浮かぶ目玉,256,64,125,OpenGameArt,Floating Eyeball,OwlishMedia,https://opengameart.org/content/floating-eyeball-0,CC0 1.0,
02-monsters/oga-ghost-11.png,モンスター,おばけ11種,192,352,34,OpenGameArt,Ghost monster,ImogiaGames,https://opengameart.org/content/ghost-monster,CC0 1.0,
02-monsters/oga-many-eyed.png,モンスター,目の多い魔物,48,48,23,OpenGameArt,a many-eyed monster,ArVexi1050,https://opengameart.org/content/a-many-eyed-monster,CC0 1.0,
02-monsters/oga-monster-plant.png,モンスター,植物の魔物,46,46,8,OpenGameArt,monster plant,ArVexi1050,https://opengameart.org/content/monster-plant,CC0 1.0,
02-monsters/oga-skeleton.png,モンスター,骸骨,96,96,4,OpenGameArt,pixel art skeleton,tbbk,https://opengameart.org/content/pixel-art-skeleton,CC0 1.0,
02-monsters/oga-dungeon-spider.png,モンスター,ダンジョンのクモ,51,20,3,OpenGameArt,2D Spider Animated,SpinachChicken,https://opengameart.org/content/2d-spider-animated,CC0 1.0,
02-monsters/oga-slime-anim.png,モンスター,スライムのアニメ,128,128,8,OpenGameArt,Pixel art animated Slime,rvros,https://opengameart.org/content/pixel-art-animated-slime,CC0 1.0,
02-monsters/oga-slime-green.png,モンスター,スライム,48,48,7,OpenGameArt,Slime,ArVexi1050,https://opengameart.org/content/slime-7,CC0 1.0,
02-monsters/oga-slime-sheet.png,モンスター,スライムの動き一式,229,170,19,OpenGameArt,Slime - Sprite Sheet,Garakh,https://opengameart.org/content/slime-sprite-sheet,CC0 1.0,
02-monsters/oga-ectoplasm.png,モンスター,エクトプラズム,64,64,4,OpenGameArt,Filthy Ectoplasm,Winternaut,https://opengameart.org/content/filthy-ectoplasm,CC0 1.0,
02-monsters/oga-cemetery-ghosts.png,モンスター,墓地のおばけ（単色）,96,64,2,OpenGameArt,Monochromatic Cemetery Undead Ghosts Simple Pixel Art,Eduardo Martinelli,https://opengameart.org/content/monochromatic-cemetery-undead-ghosts-simple-pixel-art,CC0 1.0,
02-monsters/oga-various-creatures.png,モンスター,いろいろなクリーチャー,256,352,20,OpenGameArt,Various Creatures,GrafxKid,https://opengameart.org/content/various-creatures,CC0 1.0,
02-monsters/oga-raven.png,モンスター,カラス,96,96,3,OpenGameArt,Pixel Raven,tbbk,https://opengameart.org/content/pixel-raven,CC0 1.0,
02-monsters/oga-winter-birds.png,モンスター,冬の小鳥,48,48,55,OpenGameArt,Winter Birds,Refuzzle,https://opengameart.org/content/winter-birds,CC0 1.0,
02-monsters/oga-tiny-creatures.png,モンスター,小さな生き物180種（16×16）,160,288,22,OpenGameArt,Tiny Creatures,Clint Bellanger ほか: Kenney,https://opengameart.org/content/tiny-creatures,CC0 1.0,
02-monsters/oga-skeleton-8dir.png,モンスター,骸骨（8方向）,128,256,6,OpenGameArt,Skeleton and friends (8 directional),patvanmackelberg,https://opengameart.org/content/skeleton-and-friends-8-directional,CC0 1.0,
02-monsters/oga-shade-8dir.png,モンスター,影の魔物（8方向）,128,256,4,OpenGameArt,Skeleton and friends (8 directional),patvanmackelberg,https://opengameart.org/content/skeleton-and-friends-8-directional,CC0 1.0,
02-monsters/oga-fire-skull.png,モンスター,炎のドクロ,256,64,9,OpenGameArt,Skeleton and friends (8 directional),patvanmackelberg,https://opengameart.org/content/skeleton-and-friends-8-directional,CC0 1.0,
02-monsters/oga-zombie-1.png,モンスター,ゾンビ（歩き）1,124,144,1732,OpenGameArt,Zombie RPG sprites,Curt,https://opengameart.org/content/zombie-rpg-sprites,CC0 1.0,
02-monsters/oga-zombie-3.png,モンスター,ゾンビ（歩き）3,124,144,2019,OpenGameArt,Zombie RPG sprites,Curt,https://opengameart.org/content/zombie-rpg-sprites,CC0 1.0,
02-monsters/oga-zombie-slime.png,モンスター,スライム（歩き）,32,32,6,OpenGameArt,Zombie RPG sprites,Curt,https://opengameart.org/content/zombie-rpg-sprites,CC0 1.0,
02-monsters/oga-dregbin.png,モンスター,ゴミ箱の魔物,333,150,16,OpenGameArt,dregbin,surt,https://opengameart.org/content/dregbin,CC0 1.0,
02-monsters/oga-komodo.png,モンスター,大トカゲ,64,128,19,OpenGameArt,Komodo,teasloth,https://opengameart.org/content/komodo,CC0 1.0,
03-bosses/oga-mummy-boss.png,ボス,ミイラのボス（立ち）,75,75,199,OpenGameArt,RPG boss brown mummy,skoam,https://opengameart.org/content/rpg-boss-brown-mummy,CC0 1.0,背景色を透明にして余白を切った
03-bosses/oga-undead-king.png,ボス,不死の王,96,256,1526,OpenGameArt,Undead King,Reemax ほか: artisticdude,https://opengameart.org/content/undead-king,CC0 1.0,
03-bosses/oga-flame-creature.png,ボス,炎の魔物,786,326,5,OpenGameArt,Flame creature,takeshi,https://opengameart.org/content/flame-creature,CC0 1.0,
03-bosses/oga-flash-mage.png,ボス,光の魔導士,192,192,6,OpenGameArt,Flash Mage,Some Weirdo,https://opengameart.org/content/flash-mage,CC0 1.0,
03-bosses/oga-dragon-a.png,ボス,ドラゴンA（100×100）,100,100,22,OpenGameArt,Dragons,Blarumyrran,https://opengameart.org/content/dragons,CC0 1.0,
03-bosses/oga-dragon-b.png,ボス,ドラゴンB（100×100）,100,100,36,OpenGameArt,Dragons,Blarumyrran,https://opengameart.org/content/dragons,CC0 1.0,
03-bosses/oga-dragon-c.png,ボス,ドラゴンC（100×100）,100,100,33,OpenGameArt,Dragons,Blarumyrran,https://opengameart.org/content/dragons,CC0 1.0,
03-bosses/oga-steam-monster.png,ボス,蒸気の魔物,144,208,18,OpenGameArt,Steam monster,Blarumyrran,https://opengameart.org/content/steam-monster,CC0 1.0,
03-bosses/oga-fire-golem.png,ボス,炎のゴーレム,64,64,32,OpenGameArt,Fire Golem,teasloth,https://opengameart.org/content/fire-golem,CC0 1.0,
03-bosses/oga-golem.png,ボス,ゴーレム,32,32,6,OpenGameArt,Golems,zwonky ほか: Ragewortt,https://opengameart.org/content/golems,CC0 1.0,
03-bosses/oga-golem-yellow.png,ボス,ゴーレム（黄）,32,32,6,OpenGameArt,Golems,zwonky ほか: Ragewortt,https://opengameart.org/content/golems,CC0 1.0,
03-bosses/oga-green-drake.png,ボス,緑の竜,64,128,48,OpenGameArt,Green Drake,teasloth,https://opengameart.org/content/green-drake,CC0 1.0,
03-bosses/oga-bosses-set.png,ボス,ボス3体（カタツムリ・竜騎士・トカゲ）,640,400,592,OpenGameArt,Pixel Bosses. Yes!,Monster Logix Studio,https://opengameart.org/content/pixel-bosses-yes,CC0 1.0,
03-bosses/oga-pixel-dragon.png,ボス,ドラゴン,64,86,48,OpenGameArt,Pixel Dragon,AnvilHouse,https://opengameart.org/content/pixel-dragon,CC0 1.0,背景色を透明にして余白を切った
03-bosses/oga-plague-king.png,ボス,疫病の王（48×48）,48,48,53,OpenGameArt,Plagueking [48x48],One Man Army,https://opengameart.org/content/plagueking-48x48,CC0 1.0,
03-bosses/oga-eastern-dragon.png,ボス,東洋の竜,128,64,16,OpenGameArt,Chinese Green Dragon,Pixel Archer,https://opengameart.org/content/chinese-green-dragon,CC0 1.0,
03-bosses/oga-orange-dragon.png,ボス,橙の竜（頭・胴・炎の部品）,1520,758,16,OpenGameArt,Dragon 1 (M484),Master484,https://opengameart.org/content/dragon-1-m484,CC0 1.0,
03-bosses/oga-dragon-character.png,ボス,竜のキャラクター,42,50,5,OpenGameArt,Dragon character,Shepardskin,https://opengameart.org/content/dragon-character,CC0 1.0,
03-bosses/oga-sathan-3.png,ボス,魔王風のボス（第3形態）,128,128,101,OpenGameArt,The Sathan Boss,ShawChoo,https://opengameart.org/content/the-sathan-boss,CC0 1.0,
03-bosses/oga-sathan-2.png,ボス,魔王風のボス（第2形態）,128,128,106,OpenGameArt,The Sathan Boss,ShawChoo,https://opengameart.org/content/the-sathan-boss,CC0 1.0,
03-bosses/oga-steel-golem.png,ボス,鋼のゴーレム（歩き）,256,32,5,OpenGameArt,Steel Golem Walking,DanyOctrome,https://opengameart.org/content/steel-golem-walking,CC0 1.0,
03-bosses/oga-gate-keeper.png,ボス,門番（8方向）,384,128,18,OpenGameArt,Skeleton and friends (8 directional),patvanmackelberg,https://opengameart.org/content/skeleton-and-friends-8-directional,CC0 1.0,
03-bosses/oga-fat-zombie.png,ボス,大きなゾンビ（64×64）,192,256,2373,OpenGameArt,Zombie RPG sprites,Curt,https://opengameart.org/content/zombie-rpg-sprites,CC0 1.0,
04-field/oga-4color-overworld.png,フィールド,4色のワールドマップ用タイル,104,182,4,OpenGameArt,4 Colour Overworld Tileset,stealthix,https://opengameart.org/content/4-colour-overworld-tileset,CC0 1.0,
04-field/oga-overworld-grass.png,フィールド,草原のフィールドタイル,192,336,76,OpenGameArt,Overworld - Grass Biome,Beast,https://opengameart.org/content/overworld-grass-biome,CC0 1.0,
04-field/oga-pastoral-overworld.png,フィールド,のどかなフィールド（DB32の色）,192,256,26,OpenGameArt,pastoral overworld,pebonius,https://opengameart.org/content/pastoral-overworld,CC0 1.0,
04-field/oga-puny-world.png,フィールド,16×16のワールドマップ用タイル,432,1040,305,OpenGameArt,16x16 Puny World Tileset,Shade,https://opengameart.org/content/16x16-puny-world-tileset,CC0 1.0,
04-field/oga-tiny-forest-tiles.png,フィールド,森のタイル,544,512,32,OpenGameArt,Tiny RPG - Forest,ansimuz,https://opengameart.org/content/tiny-rpg-forest,CC0 1.0,
04-field/oga-tiny-forest-objects.png,フィールド,森の木・岩・看板,384,240,23,OpenGameArt,Tiny RPG - Forest,ansimuz,https://opengameart.org/content/tiny-rpg-forest,CC0 1.0,
04-field/oga-trees-bushes.png,フィールド,木と茂み,288,160,35,OpenGameArt,Trees & Bushes,ansimuz,https://opengameart.org/content/trees-bushes,CC0 1.0,
04-field/oga-floating-islands.png,フィールド,浮島のフィールド（16×16）,816,208,21,OpenGameArt,The Field of the Floating Islands,"Buch ほか: devurandom, surt",https://opengameart.org/content/the-field-of-the-floating-islands,CC0 1.0,
04-field/oga-floating-islands-snow.png,フィールド,浮島のフィールド（雪）,352,224,24,OpenGameArt,The Field of the Floating Islands,"Buch ほか: devurandom, surt",https://opengameart.org/content/the-field-of-the-floating-islands,CC0 1.0,
04-field/oga-happyland.png,フィールド,明るいフィールドのタイル,256,96,18,OpenGameArt,Happyland tileset,Buch,https://opengameart.org/content/happyland-tileset,CC0 1.0,
04-field/oga-outside.png,フィールド,屋外タイル,472,480,17,OpenGameArt,Outside tileset,Buch,https://opengameart.org/content/outside-tileset,CC0 1.0,
04-field/oga-duotone-16.png,フィールド,2色の簡単なタイル（16×16）,128,80,20,OpenGameArt,Simple duotone tileset,Eris,https://opengameart.org/content/simple-duotone-tileset,CC0 1.0,
04-field/oga-8bit-fantasy-0.png,フィールド,8bit風ファンタジーのタイル0,320,200,36,OpenGameArt,8-bit JRPG tilesets,Hollyhart1,https://opengameart.org/content/8-bit-jrpg-tilesets,CC0 1.0,
04-field/oga-8bit-fantasy-1.png,フィールド,8bit風ファンタジーのタイル1,320,200,24,OpenGameArt,8-bit JRPG tilesets,Hollyhart1,https://opengameart.org/content/8-bit-jrpg-tilesets,CC0 1.0,
04-field/oga-forest-tiles.png,フィールド,森のタイル,240,160,18,OpenGameArt,Forest Tiles,surt,https://opengameart.org/content/forest-tiles,CC0 1.0,
04-field/oga-bushes.png,フィールド,茂み,1024,768,15,OpenGameArt,bushes,SpiderDave,https://opengameart.org/content/bushes-2,CC0 1.0,
04-field/oga-flowers.png,フィールド,花・草,936,24,25,OpenGameArt,Flowers,SpiderDave,https://opengameart.org/content/flowers,CC0 1.0,
04-field/oga-desert-forest.png,フィールド,砂漠と森,360,120,6,OpenGameArt,Desert Forest,LLGD,https://opengameart.org/content/desert-forest,CC0 1.0,
04-field/oga-8x8-desert.png,フィールド,8×8の砂漠タイル,116,35,6,OpenGameArt,8x8 8-bit Styled Desert Tileset,ImpossibleRealms,https://opengameart.org/content/8x8-8-bit-styled-desert-tileset,CC0 1.0,
04-field/oga-bountiful-bits.png,フィールド,10×10の見下ろしRPGタイル,330,370,18,OpenGameArt,Bountiful Bits 10x10 Top-Down RPG Tiles,VEXED,https://opengameart.org/content/bountiful-bits-10x10-top-down-rpg-tiles,CC0 1.0,
04-field/oga-forest-meadows.png,フィールド,森と草原（8×8）,144,144,19,OpenGameArt,RPG Tiles — Forest / Meadows / Outdoor,Andrew J Hamilton,https://opengameart.org/content/rpg-tiles-%E2%80%94-forest-meadows-outdoor,CC0 1.0,
04-field/oga-clouds.png,フィールド,雲,128,128,4,OpenGameArt,Clouds,Igor Gundarev,https://opengameart.org/content/clouds,CC0 1.0,
04-field/kenney-roguelike-rpg.png,フィールド,Kenney「Roguelike RPG Pack」: 町・フィールドのタイル1700枚,968,526,169,Kenney,Roguelike RPG Pack,Kenney,https://kenney.nl/assets/roguelike-rpg-pack,CC0 1.0,
04-field/oga-micro-world.png,フィールド,小さな世界のタイル,120,258,128,OpenGameArt,Micro World: Old tileset,SurrealEmber,https://opengameart.org/content/micro-world-old-tileset,CC0 1.0,
04-field/oga-overworld-tiles.png,フィールド,ワールドマップ用の小さなタイル,96,96,21,OpenGameArt,Overworld Map,keith karnage,https://opengameart.org/content/overworld-map,CC0 1.0,
05-maps/oga-grass-biome-map.png,マップ（完成図・見本）,草原のマップ見本,336,672,67,OpenGameArt,Overworld - Grass Biome,Beast,https://opengameart.org/content/overworld-grass-biome,CC0 1.0,
05-maps/oga-slimy-map.png,マップ（完成図・見本）,スライムの冒険の画面見本,480,288,4,OpenGameArt,Slimy Adventure (Unfinished),NaRNeRZz,https://opengameart.org/content/slimy-adventure-unfinished,CC0 1.0,
05-maps/oga-1bit-dungeon-map-1.gif,マップ（完成図・見本）,1bitのダンジョンのマップ見本1,768,768,2,OpenGameArt,1-Bit Doomgeon Kit,B77345-100,https://opengameart.org/content/1-bit-doomgeon-kit,CC0 1.0,
05-maps/oga-1bit-dungeon-map-2.gif,マップ（完成図・見本）,1bitのダンジョンのマップ見本2,768,768,2,OpenGameArt,1-Bit Doomgeon Kit,B77345-100,https://opengameart.org/content/1-bit-doomgeon-kit,CC0 1.0,
05-maps/oga-goblin-keep-map.png,マップ（完成図・見本）,ゴブリンのとりでのマップ,640,1174,180,OpenGameArt,Goblin Caves,Hyptosis,https://opengameart.org/content/goblin-caves,CC0 1.0,
06-dungeon/kenney-tiny-dungeon.png,ダンジョン,Kenney「Tiny Dungeon」: 16×16のダンジョンタイルとキャラ,192,176,27,Kenney,Tiny Dungeon,Kenney,https://kenney.nl/assets/tiny-dungeon,CC0 1.0,
06-dungeon/kenney-roguelike-dungeon.png,ダンジョン,Kenney「Roguelike Caves & Dungeons」,492,305,82,Kenney,Roguelike Caves & Dungeons,Kenney,https://kenney.nl/assets/roguelike-caves-dungeons,CC0 1.0,
06-dungeon/kenney-micro-roguelike.png,ダンジョン,Kenney「Micro Roguelike」: 8×8のタイル,143,89,19,Kenney,Micro Roguelike,Kenney,https://kenney.nl/assets/micro-roguelike,CC0 1.0,
06-dungeon/kenney-monochrome-rpg.png,ダンジョン,Kenney「Monochrome RPG」: 白黒のタイル,288,135,4,Kenney,Monochrome RPG,Kenney,https://kenney.nl/assets/monochrome-rpg,CC0 1.0,
06-dungeon/oga-db32-cave.png,ダンジョン,洞窟のタイル（DB32の色）,320,224,13,OpenGameArt,DB32 Cave tileset,Buch,https://opengameart.org/content/db32-cave-tileset,CC0 1.0,
06-dungeon/oga-dungeon-unfinished.png,ダンジョン,ダンジョンのタイル,320,192,18,OpenGameArt,Unfinished dungeon tileset,Buch,https://opengameart.org/content/unfinished-dungeon-tileset,CC0 1.0,
06-dungeon/oga-goblin-cave.png,ダンジョン,ゴブリンの洞窟のタイル,256,837,114,OpenGameArt,Goblin Caves,Hyptosis,https://opengameart.org/content/goblin-caves,CC0 1.0,
06-dungeon/oga-dungeon-4.png,ダンジョン,ダンジョンのタイル,256,256,11,OpenGameArt,Dungeon Tileset,HorusKDI,https://opengameart.org/content/dungeon-tileset-4,CC0 1.0,
06-dungeon/oga-castle-1.png,ダンジョン,城のタイル1,512,1344,126,OpenGameArt,pixel art castle tileset,rubberduck,https://opengameart.org/content/pixel-art-castle-tileset,CC0 1.0,
06-dungeon/oga-castle-3.png,ダンジョン,城のタイル3,512,384,117,OpenGameArt,pixel art castle tileset,rubberduck,https://opengameart.org/content/pixel-art-castle-tileset,CC0 1.0,
06-dungeon/oga-nes-cemetery.png,ダンジョン,ファミコン風の墓地,128,368,9,OpenGameArt,RPG Asset Tile Set 'Cemetery' NES,Chasersgaming,https://opengameart.org/content/rpg-asset-tile-set-cemetery-nes,CC0 1.0,
06-dungeon/oga-rogue-db32.png,ダンジョン,ローグ風のタイル（DB32）,200,500,32,OpenGameArt,RogueDB32,SpiderDave,https://opengameart.org/content/roguedb32,CC0 1.0,
06-dungeon/oga-rogue-db32-plus.png,ダンジョン,ローグ風のタイル追加,217,437,34,OpenGameArt,RogueDB32 Plus - add on tiles,dannorder,https://opengameart.org/content/roguedb32-plus-add-on-tiles,CC0 1.0,
06-dungeon/oga-1bit-dungeon-tiles.png,ダンジョン,1bitのダンジョンタイル,128,64,2,OpenGameArt,1-Bit Doomgeon Kit,B77345-100,https://opengameart.org/content/1-bit-doomgeon-kit,CC0 1.0,
06-dungeon/oga-1bit-dungeon-characters.png,ダンジョン,1bitのダンジョンのキャラ,128,192,2,OpenGameArt,1-Bit Doomgeon Kit,B77345-100,https://opengameart.org/content/1-bit-doomgeon-kit,CC0 1.0,
06-dungeon/oga-mini-roguelike.png,ダンジョン,8×8の小さなダンジョン,128,80,19,OpenGameArt,Mini Roguelike 8x8 Tiles,morgan3d ほか: Kenney,https://opengameart.org/content/mini-roguelike-8x8-tiles,CC0 1.0,
06-dungeon/oga-dark-scenery.png,ダンジョン,暗いファンタジーの置物,163,162,115,OpenGameArt,Misc. Dark Fantasy Scenery Sprites,ETTiNGRiNDER,https://opengameart.org/content/misc-dark-fantasy-scenery-sprites,CC0 1.0,
07-town-indoor/kenney-tiny-town.png,町・屋内,Kenney「Tiny Town」: 16×16の町のタイル,192,176,33,Kenney,Tiny Town,Kenney,https://kenney.nl/assets/tiny-town,CC0 1.0,
07-town-indoor/kenney-roguelike-indoor.png,町・屋内,Kenney「Roguelike Indoors」: 屋内の家具,458,305,83,Kenney,Roguelike Indoors,Kenney,https://kenney.nl/assets/roguelike-indoors,CC0 1.0,
07-town-indoor/oga-mage-city.png,町・屋内,魔法の都のタイル,256,1450,265,OpenGameArt,Mage City Arcanos,Hyptosis,https://opengameart.org/content/mage-city-arcanos,CC0 1.0,
07-town-indoor/oga-town-tiles.png,町・屋内,町のタイル,160,48,16,OpenGameArt,Town Tiles,surt,https://opengameart.org/content/town-tiles,CC0 1.0,
07-town-indoor/oga-house-objects.png,町・屋内,家の中の小物,192,192,15,OpenGameArt,Home Objects,Jannax,https://opengameart.org/content/home-objects,CC0 1.0,
07-town-indoor/oga-4color-interior.png,町・屋内,4色の屋内タイル,136,64,4,OpenGameArt,4 Colour Interior Tileset,stealthix,https://opengameart.org/content/4-colour-interior-tileset,CC0 1.0,
07-town-indoor/oga-neowolf-chip1.png,町・屋内,町と屋内のチップ1,128,160,79,OpenGameArt,Chipsets from NeoWolf,alv90,https://opengameart.org/content/chipsets-from-neowolf,CC0 1.0,
07-town-indoor/oga-neowolf-chip2.png,町・屋内,町と屋内のチップ2,128,288,130,OpenGameArt,Chipsets from NeoWolf,alv90,https://opengameart.org/content/chipsets-from-neowolf,CC0 1.0,
07-town-indoor/oga-neowolf-chip3.png,町・屋内,町と屋内のチップ3,128,208,89,OpenGameArt,Chipsets from NeoWolf,alv90,https://opengameart.org/content/chipsets-from-neowolf,CC0 1.0,
07-town-indoor/oga-neowolf-chip4.png,町・屋内,町と屋内のチップ4,128,176,20,OpenGameArt,Chipsets from NeoWolf,alv90,https://opengameart.org/content/chipsets-from-neowolf,CC0 1.0,
07-town-indoor/oga-chaffton-outside.png,町・屋内,村の外のタイル,240,240,11,OpenGameArt,Village of Chaffton,Spring Spring,https://opengameart.org/content/village-of-chaffton,CC0 1.0,
07-town-indoor/oga-chaffton-inside.png,町・屋内,村の家の中のタイル,128,128,12,OpenGameArt,Village of Chaffton,Spring Spring,https://opengameart.org/content/village-of-chaffton,CC0 1.0,
07-town-indoor/oga-desert-town.png,町・屋内,砂漠の町,246,360,4,OpenGameArt,Desert village,Skab,https://opengameart.org/content/desert-village,CC0 1.0,
07-town-indoor/oga-haunted-house-items.png,町・屋内,古い屋敷の家具,288,160,47,OpenGameArt,Misc household items and more! >:),NaRNeRZz,https://opengameart.org/content/misc-household-items-and-more,CC0 1.0,
07-town-indoor/oga-mushroom-village.png,町・屋内,キノコの村（16×16）,288,256,91,OpenGameArt,Mushroom Village tileset,NettySvit,https://opengameart.org/content/mushroom-village-tileset,CC0 1.0,
07-town-indoor/oga-simple-broad-tiles.png,町・屋内,何にでも使える簡単なタイル集,800,1280,17,OpenGameArt,Simple broad-purpose tileset,"surt ほか: Sharm, vk",https://opengameart.org/content/simple-broad-purpose-tileset,CC0 1.0,
08-objects-items/oga-chest-open.png,小物・アイテム・乗り物,宝箱（開閉）,64,32,12,OpenGameArt,Modified 32x32 Treasure chest,Blarumyrran,https://opengameart.org/content/modified-32x32-treasure-chest,CC0 1.0,
08-objects-items/oga-demonic-chest.png,小物・アイテム・乗り物,魔物の宝箱（アニメ）,256,32,135,OpenGameArt,Demonic chest,carnageddon,https://opengameart.org/content/demonic-chest-0,CC0 1.0,
08-objects-items/oga-chest-red.png,小物・アイテム・乗り物,赤い宝箱 24×24,24,24,7,OpenGameArt,Pixel chest and coin,hippo,https://opengameart.org/content/pixel-chest-and-coin,CC0 1.0,
08-objects-items/oga-potions-16.png,小物・アイテム・乗り物,薬びん 16×16,64,49,25,OpenGameArt,Pixel Potion Set 16x16,yafarida,https://opengameart.org/content/pixel-potion-set-16x16,CC0 1.0,
08-objects-items/oga-potion.gif,小物・アイテム・乗り物,薬びん,66,67,25,OpenGameArt,potion,kotnaszynce,https://opengameart.org/content/potion-1,CC0 1.0,
08-objects-items/oga-rpg-items.png,小物・アイテム・乗り物,RPGのアイテム一式,268,180,58,OpenGameArt,RPG Items,Buch,https://opengameart.org/content/rpg-items,CC0 1.0,
08-objects-items/oga-weapons.png,小物・アイテム・乗り物,武器一式,666,390,60,OpenGameArt,Weapons for a roguelike,Master484,https://opengameart.org/content/weapons-for-a-roguelike,CC0 1.0,
08-objects-items/oga-items-elements.png,小物・アイテム・乗り物,アイテムと属性,176,112,24,OpenGameArt,Items and elements,GrafxKid,https://opengameart.org/content/items-and-elements,CC0 1.0,
08-objects-items/oga-gem-heart.png,小物・アイテム・乗り物,宝石のハート,32,32,29,OpenGameArt,Gem Heart(Animated),AliHamieh,https://opengameart.org/content/gem-heartanimated,CC0 1.0,
08-objects-items/oga-diamond-axe.png,小物・アイテム・乗り物,ダイヤの斧（すり減り段階）,128,32,14,OpenGameArt,Diamond Axe (with degradation progress),ScratchIO,https://opengameart.org/content/diamond-axe-with-degradation-progress,CC0 1.0,
08-objects-items/oga-dungeon-items.png,小物・アイテム・乗り物,ダンジョンの小物,16,16,12,OpenGameArt,Pixel Art Dungeon Items,SpinachChicken,https://opengameart.org/content/pixel-art-dungeon-items,CC0 1.0,
08-objects-items/oga-rpg-props.png,小物・アイテム・乗り物,RPGの小道具,512,224,91,OpenGameArt,RPG item set,Jetrel,https://opengameart.org/content/rpg-item-set,CC0 1.0,
08-objects-items/oga-monster-item-crystal.png,小物・アイテム・乗り物,魔物の落とし物: 水晶,16,16,5,OpenGameArt,16 x 16 Monster Items,ARoachIFoundOnMyPillow,https://opengameart.org/content/16-x-16-monster-items,CC0 1.0,
08-objects-items/oga-monster-item-claws.png,小物・アイテム・乗り物,魔物の落とし物: 爪,16,16,7,OpenGameArt,16 x 16 Monster Items,ARoachIFoundOnMyPillow,https://opengameart.org/content/16-x-16-monster-items,CC0 1.0,
08-objects-items/oga-monster-item-fang.png,小物・アイテム・乗り物,魔物の落とし物: 牙,16,16,4,OpenGameArt,16 x 16 Monster Items,ARoachIFoundOnMyPillow,https://opengameart.org/content/16-x-16-monster-items,CC0 1.0,
08-objects-items/oga-monster-item-eyeball.png,小物・アイテム・乗り物,魔物の落とし物: 目玉,16,16,6,OpenGameArt,16 x 16 Monster Items,ARoachIFoundOnMyPillow,https://opengameart.org/content/16-x-16-monster-items,CC0 1.0,
08-objects-items/oga-1bit-items.png,小物・アイテム・乗り物,1bitのアイテム,96,96,2,OpenGameArt,1-Bit Doomgeon Kit,B77345-100,https://opengameart.org/content/1-bit-doomgeon-kit,CC0 1.0,
05-maps/pipoya-worldmap-sample-a.png,マップ（完成図・見本）,ぴぽや「フィールドマップセット１」で組み立てたワールドマップの見本A（城・村・町・塔・ほこら・洞窟）,960,704,13195,ぴぽや倉庫,フィールドマップセット１・同 追加パーツ（元ファイルは assets-src/pipoya/）,ぴぽや,https://pipoya.net/sozai/assets/map-chip_tileset32/,ぴぽや 無料素材利用規約,このプロジェクトで組み立てた（素材の加工）
05-maps/pipoya-worldmap-sample-b.png,マップ（完成図・見本）,ぴぽや「フィールドマップセット１」で組み立てたワールドマップの見本B（闇の城・火山・ピラミッド・砂漠）,960,704,11800,ぴぽや倉庫,フィールドマップセット１・同 追加パーツ（元ファイルは assets-src/pipoya/）,ぴぽや,https://pipoya.net/sozai/assets/map-chip_tileset32/,ぴぽや 無料素材利用規約,このプロジェクトで組み立てた（素材の加工）
05-maps/kenney-tiny-dungeon-sample.png,マップ（完成図・見本）,Kenney「Tiny Dungeon」付属の見本マップ（Tiled）を1倍で描き出したもの,512,320,25,Kenney,Tiny Dungeon,Kenney,https://kenney.nl/assets/tiny-dungeon,CC0 1.0,付属のマップデータ（Tiled）を1倍で描き出した
05-maps/kenney-tiny-battle-sample.png,マップ（完成図・見本）,Kenney「Tiny Battle」付属の見本マップを描き出したもの,480,272,30,Kenney,Tiny Battle,Kenney,https://kenney.nl/assets/tiny-battle,CC0 1.0,付属のマップデータ（Tiled）を1倍で描き出した
05-maps/kenney-tiny-ski-sample.png,マップ（完成図・見本）,Kenney「Tiny Ski」付属の見本マップ（雪山）を描き出したもの,496,288,28,Kenney,Tiny Ski,Kenney,https://kenney.nl/assets/tiny-ski,CC0 1.0,付属のマップデータ（Tiled）を1倍で描き出した
05-maps/kenney-roguelike-rpg-town-sample.png,マップ（完成図・見本）,Kenney「Roguelike RPG Pack」付属の見本マップ（町）を描き出したもの,672,640,82,Kenney,Roguelike RPG Pack,Kenney,https://kenney.nl/assets/roguelike-rpg-pack,CC0 1.0,付属のマップデータ（Tiled）を1倍で描き出した
05-maps/kenney-roguelike-rpg-indoor-sample.png,マップ（完成図・見本）,Kenney「Roguelike RPG Pack」付属の見本マップ（屋内）を描き出したもの,384,288,49,Kenney,Roguelike RPG Pack,Kenney,https://kenney.nl/assets/roguelike-rpg-pack,CC0 1.0,付属のマップデータ（Tiled）を1倍で描き出した
05-maps/kenney-1bit-fantasy-sample.png,マップ（完成図・見本）,Kenney「1-Bit Pack」付属の見本マップ（ファンタジー）を描き出したもの,768,384,7,Kenney,1-Bit Pack,Kenney,https://kenney.nl/assets/1-bit-pack,CC0 1.0,付属のマップデータ（Tiled）を1倍で描き出した
05-maps/kenney-1bit-interior-sample.png,マップ（完成図・見本）,Kenney「1-Bit Pack」付属の見本マップ（屋内）を描き出したもの,768,384,6,Kenney,1-Bit Pack,Kenney,https://kenney.nl/assets/1-bit-pack,CC0 1.0,付属のマップデータ（Tiled）を1倍で描き出した
05-maps/oga-grass-biome-map2.png,マップ（完成図・見本）,草原のマップ見本2（付属のTiledマップを描き出したもの）,240,240,62,OpenGameArt,Overworld - Grass Biome,Beast,https://opengameart.org/content/overworld-grass-biome,CC0 1.0,付属のマップデータ（Tiled）を1倍で描き出した
05-maps/oga-tiny-forest-map.png,マップ（完成図・見本）,森のマップ（付属のデモ用マップを描き出したもの）,960,720,36,OpenGameArt,Tiny RPG - Forest,ansimuz,https://opengameart.org/content/tiny-rpg-forest,CC0 1.0,付属のマップデータ（Tiled）を1倍で描き出した
05-maps/pipoya-mapchip-sample-screen.png,マップ（完成図・見本）,ぴぽや「ウディタ２用マップセット」の見本画面（町と森）,640,480,1360,ぴぽや倉庫,ウディタ２用マップセット（ウディタ2_32x32mapchip_20210215.zip）,ぴぽや,https://pipoya.net/sozai/assets/map-chip_tileset32/,ぴぽや 無料素材利用規約,
05-maps/oga-topdown-template-map-blue.png,マップ（完成図・見本）,見下ろし型のダンジョンマップ見本（青）,700,400,19,OpenGameArt,Free CC0 Top Down Tileset Template Pixel Art,rgsdev,https://opengameart.org/content/free-cc0-top-down-tileset-template-pixel-art,CC0 1.0,
05-maps/oga-topdown-template-map-green.png,マップ（完成図・見本）,見下ろし型のダンジョンマップ見本（緑）,700,400,20,OpenGameArt,Free CC0 Top Down Tileset Template Pixel Art,rgsdev,https://opengameart.org/content/free-cc0-top-down-tileset-template-pixel-art,CC0 1.0,
05-maps/oga-topdown-template-map-purple.png,マップ（完成図・見本）,見下ろし型のダンジョンマップ見本（紫）,700,400,19,OpenGameArt,Free CC0 Top Down Tileset Template Pixel Art,rgsdev,https://opengameart.org/content/free-cc0-top-down-tileset-template-pixel-art,CC0 1.0,
06-dungeon/oga-topdown-template-tiles.png,ダンジョン,見下ろし型ダンジョンのタイル（5色）,256,400,30,OpenGameArt,Free CC0 Top Down Tileset Template Pixel Art,rgsdev,https://opengameart.org/content/free-cc0-top-down-tileset-template-pixel-art,CC0 1.0,
06-dungeon/oga-monastery.png,ダンジョン,修道院（寺院）のタイル,304,192,34,OpenGameArt,Overworld - Monastery,knekko,https://opengameart.org/content/overworld-monastery,CC0 1.0,
06-dungeon/oga-cave-tiles.png,ダンジョン,洞窟のタイル,256,768,96,OpenGameArt,Cave tile map image,mieki256,https://opengameart.org/content/cave-tile-map-image,CC0 1.0,
06-dungeon/oga-tiny-dungeon-extra-walls.png,ダンジョン,ダンジョンの壁の追加タイル,84,135,7,OpenGameArt,Tiny Dungeon Extras - Missing Walls Addon,trunksbomb,https://opengameart.org/content/tiny-dungeon-extras-missing-walls-addon,CC0 1.0,
06-dungeon/oga-dawngeon.png,ダンジョン,16×16のダンジョン（DB-ISO22の色）,112,80,20,OpenGameArt,Dawngeon,pebonius,https://opengameart.org/content/dawngeon,CC0 1.0,
06-dungeon/oga-devolution-topdown.png,ダンジョン,見下ろし型のタイルとキャラ,592,512,111,OpenGameArt,Devolution Topdown tilesets and sprites,Brosnya,https://opengameart.org/content/devolution-topdown-tilesets-and-sprites,CC0 1.0,
04-field/oga-gb-mini-world.png,フィールド,ゲームボーイ風4色のフィールド,80,144,4,OpenGameArt,gb mini pixel world,pebonius,https://opengameart.org/content/gb-mini-pixel-world,CC0 1.0,
01-characters/oga-gb-portrait.png,キャラクター,ゲームボーイ風4色の顔グラフィック,160,144,4,OpenGameArt,gb mini pixel world,pebonius,https://opengameart.org/content/gb-mini-pixel-world,CC0 1.0,
04-field/oga-simple-overworld.png,フィールド,簡単なワールドマップ用タイル,339,169,22,OpenGameArt,Simple Overworld Tile Set,Corey Archer,https://opengameart.org/content/simple-overworld-tile-set,CC0 1.0,
04-field/oga-water-grass-sand.png,フィールド,水・草・砂の境目（16×16）,160,144,16,OpenGameArt,"16x16 tileset: water, grass and sand",Demetrius,https://opengameart.org/content/16x16-tileset-water-grass-and-sand,CC0 1.0,
04-field/oga-overworld-grass-extension.png,フィールド,草原のフィールドタイル（追加分）,352,369,415,OpenGameArt,Overworld Grass Extention,knekko,https://opengameart.org/content/overworld-grass-extention,CC0 1.0,
04-field/oga-nestor.png,フィールド,ファミコン風の色数のタイル（町・フィールド）,480,256,10,OpenGameArt,Nestor tileset,Demetrius,https://opengameart.org/content/nestor-tileset,CC0 1.0,
01-characters/oga-mini-fantasy.png,キャラクター,小さなファンタジーの人物と魔物,800,512,38,OpenGameArt,Mini Fantasy Sprites,GrafxKid,https://opengameart.org/content/mini-fantasy-sprites,CC0 1.0,
01-characters/mw-champion-arthax.png,キャラクター,MiniWorld: 英雄（アーサックス）,80,128,16,OpenGameArt,MiniWorld Sprites,Shade,https://opengameart.org/content/miniworld-sprites,CC0 1.0,
01-characters/mw-champion-zhinja.png,キャラクター,MiniWorld: 英雄（ジンジャ）,96,144,15,OpenGameArt,MiniWorld Sprites,Shade,https://opengameart.org/content/miniworld-sprites,CC0 1.0,
01-characters/mw-champion-katan.png,キャラクター,MiniWorld: 英雄（カタン）,96,128,14,OpenGameArt,MiniWorld Sprites,Shade,https://opengameart.org/content/miniworld-sprites,CC0 1.0,
01-characters/mw-swordsman-red.png,キャラクター,MiniWorld: 剣士（赤）,80,192,13,OpenGameArt,MiniWorld Sprites,Shade,https://opengameart.org/content/miniworld-sprites,CC0 1.0,
01-characters/mw-farmer.png,キャラクター,MiniWorld: 農夫,80,192,10,OpenGameArt,MiniWorld Sprites,Shade,https://opengameart.org/content/miniworld-sprites,CC0 1.0,
02-monsters/mw-yeti.png,モンスター,MiniWorld: 雪男,96,128,9,OpenGameArt,MiniWorld Sprites,Shade,https://opengameart.org/content/miniworld-sprites,CC0 1.0,
02-monsters/mw-wendigo.png,モンスター,MiniWorld: 雪の魔獣,96,128,9,OpenGameArt,MiniWorld Sprites,Shade,https://opengameart.org/content/miniworld-sprites,CC0 1.0,
02-monsters/mw-slime-blue.png,モンスター,MiniWorld: スライム（青）,96,64,4,OpenGameArt,MiniWorld Sprites,Shade,https://opengameart.org/content/miniworld-sprites,CC0 1.0,
02-monsters/mw-necromancer.png,モンスター,MiniWorld: 死霊使い,96,128,10,OpenGameArt,MiniWorld Sprites,Shade,https://opengameart.org/content/miniworld-sprites,CC0 1.0,
02-monsters/mw-skeleton-soldier.png,モンスター,MiniWorld: 骸骨兵,80,192,17,OpenGameArt,MiniWorld Sprites,Shade,https://opengameart.org/content/miniworld-sprites,CC0 1.0,
02-monsters/mw-giant-crab.png,モンスター,MiniWorld: 大ガニ,48,64,7,OpenGameArt,MiniWorld Sprites,Shade,https://opengameart.org/content/miniworld-sprites,CC0 1.0,
02-monsters/mw-orc.png,モンスター,MiniWorld: オーク,96,128,8,OpenGameArt,MiniWorld Sprites,Shade,https://opengameart.org/content/miniworld-sprites,CC0 1.0,
02-monsters/mw-orc-shaman.png,モンスター,MiniWorld: オークの呪術師,80,128,13,OpenGameArt,MiniWorld Sprites,Shade,https://opengameart.org/content/miniworld-sprites,CC0 1.0,
02-monsters/mw-goblin-spear.png,モンスター,MiniWorld: 槍ゴブリン,80,160,11,OpenGameArt,MiniWorld Sprites,Shade,https://opengameart.org/content/miniworld-sprites,CC0 1.0,
02-monsters/mw-pirate-captain.png,モンスター,MiniWorld: 海賊の船長,80,128,18,OpenGameArt,MiniWorld Sprites,Shade,https://opengameart.org/content/miniworld-sprites,CC0 1.0,
03-bosses/mw-red-dragon.png,ボス,MiniWorld: 赤い竜,128,256,14,OpenGameArt,MiniWorld Sprites,Shade,https://opengameart.org/content/miniworld-sprites,CC0 1.0,
03-bosses/mw-black-dragon.png,ボス,MiniWorld: 黒い竜,128,256,14,OpenGameArt,MiniWorld Sprites,Shade,https://opengameart.org/content/miniworld-sprites,CC0 1.0,
03-bosses/mw-armored-demon.png,ボス,MiniWorld: 鎧の悪魔,96,128,12,OpenGameArt,MiniWorld Sprites,Shade,https://opengameart.org/content/miniworld-sprites,CC0 1.0,
03-bosses/mw-minotaur.png,ボス,MiniWorld: 牛頭の巨人,96,112,9,OpenGameArt,MiniWorld Sprites,Shade,https://opengameart.org/content/miniworld-sprites,CC0 1.0,
03-bosses/mw-mammoth.png,ボス,MiniWorld: マンモス,64,128,7,OpenGameArt,MiniWorld Sprites,Shade,https://opengameart.org/content/miniworld-sprites,CC0 1.0,
07-town-indoor/mw-keep.png,町・屋内,MiniWorld: とりで,96,64,13,OpenGameArt,MiniWorld Sprites,Shade,https://opengameart.org/content/miniworld-sprites,CC0 1.0,
07-town-indoor/mw-houses.png,町・屋内,MiniWorld: 家,48,64,13,OpenGameArt,MiniWorld Sprites,Shade,https://opengameart.org/content/miniworld-sprites,CC0 1.0,
07-town-indoor/mw-taverns.png,町・屋内,MiniWorld: 酒場,48,64,12,OpenGameArt,MiniWorld Sprites,Shade,https://opengameart.org/content/miniworld-sprites,CC0 1.0,
07-town-indoor/mw-chapels.png,町・屋内,MiniWorld: 礼拝堂,48,32,13,OpenGameArt,MiniWorld Sprites,Shade,https://opengameart.org/content/miniworld-sprites,CC0 1.0,
07-town-indoor/mw-market.png,町・屋内,MiniWorld: 市場,48,64,33,OpenGameArt,MiniWorld Sprites,Shade,https://opengameart.org/content/miniworld-sprites,CC0 1.0,
07-town-indoor/mw-docks.png,町・屋内,MiniWorld: 船着き場,64,32,12,OpenGameArt,MiniWorld Sprites,Shade,https://opengameart.org/content/miniworld-sprites,CC0 1.0,
06-dungeon/mw-mausoleum.png,ダンジョン,MiniWorld: 霊廟,64,32,15,OpenGameArt,MiniWorld Sprites,Shade,https://opengameart.org/content/miniworld-sprites,CC0 1.0,
06-dungeon/mw-cave.png,ダンジョン,MiniWorld: 洞窟の入口,48,32,22,OpenGameArt,MiniWorld Sprites,Shade,https://opengameart.org/content/miniworld-sprites,CC0 1.0,
04-field/mw-cliff.png,フィールド,MiniWorld: 崖,112,144,36,OpenGameArt,MiniWorld Sprites,Shade,https://opengameart.org/content/miniworld-sprites,CC0 1.0,
04-field/mw-trees.png,フィールド,MiniWorld: 木,64,16,8,OpenGameArt,MiniWorld Sprites,Shade,https://opengameart.org/content/miniworld-sprites,CC0 1.0,
04-field/mw-pine-trees.png,フィールド,MiniWorld: 針葉樹,48,16,9,OpenGameArt,MiniWorld Sprites,Shade,https://opengameart.org/content/miniworld-sprites,CC0 1.0,
04-field/mw-rocks.png,フィールド,MiniWorld: 岩,48,64,14,OpenGameArt,MiniWorld Sprites,Shade,https://opengameart.org/content/miniworld-sprites,CC0 1.0,
04-field/mw-wheatfield.png,フィールド,MiniWorld: 麦畑,64,16,15,OpenGameArt,MiniWorld Sprites,Shade,https://opengameart.org/content/miniworld-sprites,CC0 1.0,
08-objects-items/mw-chests.png,小物・アイテム・乗り物,MiniWorld: 宝箱,32,16,16,OpenGameArt,MiniWorld Sprites,Shade,https://opengameart.org/content/miniworld-sprites,CC0 1.0,
08-objects-items/mw-tombstones.png,小物・アイテム・乗り物,MiniWorld: 墓石,64,32,6,OpenGameArt,MiniWorld Sprites,Shade,https://opengameart.org/content/miniworld-sprites,CC0 1.0,
08-objects-items/mw-well.png,小物・アイテム・乗り物,MiniWorld: 井戸,48,32,13,OpenGameArt,MiniWorld Sprites,Shade,https://opengameart.org/content/miniworld-sprites,CC0 1.0,
08-objects-items/mw-signs.png,小物・アイテム・乗り物,MiniWorld: 看板,64,16,6,OpenGameArt,MiniWorld Sprites,Shade,https://opengameart.org/content/miniworld-sprites,CC0 1.0,
08-objects-items/mw-portal.png,小物・アイテム・乗り物,MiniWorld: 旅の扉（ワープ）,64,16,17,OpenGameArt,MiniWorld Sprites,Shade,https://opengameart.org/content/miniworld-sprites,CC0 1.0,
08-objects-items/mw-boat.png,小物・アイテム・乗り物,MiniWorld: 小舟,32,16,7,OpenGameArt,MiniWorld Sprites,Shade,https://opengameart.org/content/miniworld-sprites,CC0 1.0,
08-objects-items/mw-pirate-ship.png,小物・アイテム・乗り物,MiniWorld: 帆船,128,32,14,OpenGameArt,MiniWorld Sprites,Shade,https://opengameart.org/content/miniworld-sprites,CC0 1.0,
08-objects-items/mw-bridge.png,小物・アイテム・乗り物,MiniWorld: 橋,80,48,7,OpenGameArt,MiniWorld Sprites,Shade,https://opengameart.org/content/miniworld-sprites,CC0 1.0,
01-characters/mw-horse.png,キャラクター,MiniWorld: 馬,128,192,10,OpenGameArt,MiniWorld Sprites,Shade,https://opengameart.org/content/miniworld-sprites,CC0 1.0,
08-objects-items/mw-fireball.png,小物・アイテム・乗り物,MiniWorld: 火の玉,64,16,31,OpenGameArt,MiniWorld Sprites,Shade,https://opengameart.org/content/miniworld-sprites,CC0 1.0,
03-bosses/mw-blue-dragon.png,ボス,MiniWorld: 青い竜,128,256,14,OpenGameArt,MiniWorld Sprites,Shade,https://opengameart.org/content/miniworld-sprites,CC0 1.0,
03-bosses/mw-white-dragon.png,ボス,MiniWorld: 白い竜,128,256,13,OpenGameArt,MiniWorld Sprites,Shade,https://opengameart.org/content/miniworld-sprites,CC0 1.0,
03-bosses/mw-yellow-dragon.png,ボス,MiniWorld: 黄色い竜,128,256,14,OpenGameArt,MiniWorld Sprites,Shade,https://opengameart.org/content/miniworld-sprites,CC0 1.0,
02-monsters/mw-purple-demon.png,モンスター,MiniWorld: 紫の悪魔,96,128,10,OpenGameArt,MiniWorld Sprites,Shade,https://opengameart.org/content/miniworld-sprites,CC0 1.0,
02-monsters/mw-red-demon.png,モンスター,MiniWorld: 赤い悪魔,96,128,9,OpenGameArt,MiniWorld Sprites,Shade,https://opengameart.org/content/miniworld-sprites,CC0 1.0,
02-monsters/mw-orc-mage.png,モンスター,MiniWorld: オークの魔法使い,96,128,10,OpenGameArt,MiniWorld Sprites,Shade,https://opengameart.org/content/miniworld-sprites,CC0 1.0,
02-monsters/mw-goblin-archer.png,モンスター,MiniWorld: 弓ゴブリン,80,128,15,OpenGameArt,MiniWorld Sprites,Shade,https://opengameart.org/content/miniworld-sprites,CC0 1.0,
02-monsters/mw-goblin-club.png,モンスター,MiniWorld: こん棒ゴブリン,80,128,12,OpenGameArt,MiniWorld Sprites,Shade,https://opengameart.org/content/miniworld-sprites,CC0 1.0,
02-monsters/mw-pirate-grunt.png,モンスター,MiniWorld: 海賊,80,128,15,OpenGameArt,MiniWorld Sprites,Shade,https://opengameart.org/content/miniworld-sprites,CC0 1.0,
02-monsters/mw-slime-green.png,モンスター,MiniWorld: スライム（緑）,96,64,4,OpenGameArt,MiniWorld Sprites,Shade,https://opengameart.org/content/miniworld-sprites,CC0 1.0,
07-town-indoor/mw-barracks.png,町・屋内,MiniWorld: 兵舎,64,80,16,OpenGameArt,MiniWorld Sprites,Shade,https://opengameart.org/content/miniworld-sprites,CC0 1.0,
07-town-indoor/mw-tower.png,町・屋内,MiniWorld: 見張り塔,48,96,12,OpenGameArt,MiniWorld Sprites,Shade,https://opengameart.org/content/miniworld-sprites,CC0 1.0,
07-town-indoor/mw-huts.png,町・屋内,MiniWorld: 小屋,80,16,9,OpenGameArt,MiniWorld Sprites,Shade,https://opengameart.org/content/miniworld-sprites,CC0 1.0,
07-town-indoor/mw-workshops.png,町・屋内,MiniWorld: 工房,48,48,15,OpenGameArt,MiniWorld Sprites,Shade,https://opengameart.org/content/miniworld-sprites,CC0 1.0,
07-town-indoor/mw-tower-2.png,町・屋内,MiniWorld: 塔,48,96,11,OpenGameArt,MiniWorld Sprites,Shade,https://opengameart.org/content/miniworld-sprites,CC0 1.0,
04-field/mw-dead-grass.png,フィールド,MiniWorld: 枯れ草の地面,48,32,5,OpenGameArt,MiniWorld Sprites,Shade,https://opengameart.org/content/miniworld-sprites,CC0 1.0,
04-field/mw-textured-grass.png,フィールド,MiniWorld: 模様のある草地,48,32,4,OpenGameArt,MiniWorld Sprites,Shade,https://opengameart.org/content/miniworld-sprites,CC0 1.0,
04-field/mw-cliff-water.png,フィールド,MiniWorld: 水辺の崖,80,96,16,OpenGameArt,MiniWorld Sprites,Shade,https://opengameart.org/content/miniworld-sprites,CC0 1.0,
04-field/mw-cactus.png,フィールド,MiniWorld: サボテン,64,32,4,OpenGameArt,MiniWorld Sprites,Shade,https://opengameart.org/content/miniworld-sprites,CC0 1.0,
04-field/mw-coconut-trees.png,フィールド,MiniWorld: ヤシの木,96,16,11,OpenGameArt,MiniWorld Sprites,Shade,https://opengameart.org/content/miniworld-sprites,CC0 1.0,
04-field/mw-dead-trees.png,フィールド,MiniWorld: 枯れ木,64,16,7,OpenGameArt,MiniWorld Sprites,Shade,https://opengameart.org/content/miniworld-sprites,CC0 1.0,
04-field/mw-winter-trees.png,フィールド,MiniWorld: 雪の木,64,64,18,OpenGameArt,MiniWorld Sprites,Shade,https://opengameart.org/content/miniworld-sprites,CC0 1.0,
08-objects-items/mw-transport-ship.png,小物・アイテム・乗り物,MiniWorld: 輸送船,96,32,8,OpenGameArt,MiniWorld Sprites,Shade,https://opengameart.org/content/miniworld-sprites,CC0 1.0,
08-objects-items/mw-warship.png,小物・アイテム・乗り物,MiniWorld: 軍船,128,64,14,OpenGameArt,MiniWorld Sprites,Shade,https://opengameart.org/content/miniworld-sprites,CC0 1.0,
08-objects-items/mw-quest-board.png,小物・アイテム・乗り物,MiniWorld: 依頼の掲示板,64,16,11,OpenGameArt,MiniWorld Sprites,Shade,https://opengameart.org/content/miniworld-sprites,CC0 1.0,
01-characters/mw-champion-okomo.png,キャラクター,MiniWorld: 英雄（オコモ）,80,192,20,OpenGameArt,MiniWorld Sprites,Shade,https://opengameart.org/content/miniworld-sprites,CC0 1.0,
01-characters/mw-champion-gangblanc.png,キャラクター,MiniWorld: 英雄（ガングブラン）,128,128,25,OpenGameArt,MiniWorld Sprites,Shade,https://opengameart.org/content/miniworld-sprites,CC0 1.0,
01-characters/mw-champion-kanji.png,キャラクター,MiniWorld: 英雄（カンジ）,96,128,11,OpenGameArt,MiniWorld Sprites,Shade,https://opengameart.org/content/miniworld-sprites,CC0 1.0,
01-characters/mw-champion-grum.png,キャラクター,MiniWorld: 英雄（グラム）,80,144,16,OpenGameArt,MiniWorld Sprites,Shade,https://opengameart.org/content/miniworld-sprites,CC0 1.0,
01-characters/mw-champion-borg.png,キャラクター,MiniWorld: 英雄（ボルグ）,96,128,16,OpenGameArt,MiniWorld Sprites,Shade,https://opengameart.org/content/miniworld-sprites,CC0 1.0,
01-characters/mw-mounted-knight.png,キャラクター,MiniWorld: 騎馬の騎士,128,384,17,OpenGameArt,MiniWorld Sprites,Shade,https://opengameart.org/content/miniworld-sprites,CC0 1.0,
02-monsters/mw-goblin-bomber.png,モンスター,MiniWorld: 爆弾ゴブリン,80,160,19,OpenGameArt,MiniWorld Sprites,Shade,https://opengameart.org/content/miniworld-sprites,CC0 1.0,
02-monsters/mw-goblin-farmer.png,モンスター,MiniWorld: 農民ゴブリン,80,112,13,OpenGameArt,MiniWorld Sprites,Shade,https://opengameart.org/content/miniworld-sprites,CC0 1.0,
02-monsters/mw-pirate-gunner.png,モンスター,MiniWorld: 海賊の砲手,80,128,17,OpenGameArt,MiniWorld Sprites,Shade,https://opengameart.org/content/miniworld-sprites,CC0 1.0,
07-town-indoor/mw-resources.png,町・屋内,MiniWorld: 資材置き場,48,80,27,OpenGameArt,MiniWorld Sprites,Shade,https://opengameart.org/content/miniworld-sprites,CC0 1.0,
04-field/mw-winter-dead-trees.png,フィールド,MiniWorld: 雪の枯れ木,64,16,8,OpenGameArt,MiniWorld Sprites,Shade,https://opengameart.org/content/miniworld-sprites,CC0 1.0,
04-field/mw-tumbleweed.png,フィールド,MiniWorld: 転がる草,32,16,7,OpenGameArt,MiniWorld Sprites,Shade,https://opengameart.org/content/miniworld-sprites,CC0 1.0,
08-objects-items/mw-street-signs.png,小物・アイテム・乗り物,MiniWorld: 道しるべ,80,16,6,OpenGameArt,MiniWorld Sprites,Shade,https://opengameart.org/content/miniworld-sprites,CC0 1.0,
01-characters/oga-nes-ranger.png,キャラクター,ファミコン風の狩人（色数の少ない例）,344,208,7,OpenGameArt,RPG Character 'Ranger' (NES),Chasersgaming,https://opengameart.org/content/rpg-character-ranger-nes,CC0 1.0,
04-field/pipoya-autotile-grass1-grass2.png,フィールド,オートタイル「Grass1-Grass2」を展開したもの（32×32。ウディタ以外でも使える並び）,256,192,277,ぴぽや倉庫,ウディタ２用マップセット（ウディタ2_32x32mapchip_20210215.zip）,ぴぽや,https://pipoya.net/sozai/assets/map-chip_tileset32/,ぴぽや 無料素材利用規約,
04-field/pipoya-autotile-grass1-dirt2.png,フィールド,オートタイル「Grass1-Dirt2」を展開したもの（32×32。ウディタ以外でも使える並び）,256,192,587,ぴぽや倉庫,ウディタ２用マップセット（ウディタ2_32x32mapchip_20210215.zip）,ぴぽや,https://pipoya.net/sozai/assets/map-chip_tileset32/,ぴぽや 無料素材利用規約,
04-field/pipoya-autotile-dirt4.png,フィールド,オートタイル「Dirt4」を展開したもの（32×32。ウディタ以外でも使える並び）,256,192,494,ぴぽや倉庫,ウディタ２用マップセット（ウディタ2_32x32mapchip_20210215.zip）,ぴぽや,https://pipoya.net/sozai/assets/map-chip_tileset32/,ぴぽや 無料素材利用規約,
04-field/pipoya-autotile-water2.png,フィールド,オートタイル「Water2」を展開したもの（32×32。ウディタ以外でも使える並び）,2048,192,1692,ぴぽや倉庫,ウディタ２用マップセット（ウディタ2_32x32mapchip_20210215.zip）,ぴぽや,https://pipoya.net/sozai/assets/map-chip_tileset32/,ぴぽや 無料素材利用規約,
04-field/pipoya-autotile-water4.png,フィールド,オートタイル「Water4」を展開したもの（32×32。ウディタ以外でも使える並び）,2048,192,774,ぴぽや倉庫,ウディタ２用マップセット（ウディタ2_32x32mapchip_20210215.zip）,ぴぽや,https://pipoya.net/sozai/assets/map-chip_tileset32/,ぴぽや 無料素材利用規約,
04-field/pipoya-autotile-waterfall2.png,フィールド,オートタイル「WaterFall2」を展開したもの（32×32。ウディタ以外でも使える並び）,1024,192,3921,ぴぽや倉庫,ウディタ２用マップセット（ウディタ2_32x32mapchip_20210215.zip）,ぴぽや,https://pipoya.net/sozai/assets/map-chip_tileset32/,ぴぽや 無料素材利用規約,
01-characters/pipoya-townsman-young-a.png,キャラクター,若者男（色違いa）。32×32、4方向×3コマの歩き,96,128,34,ぴぽや倉庫,RPGキャラ基本セット（キャラチップ.zip）,ぴぽや,https://pipoya.net/sozai/assets/charachip/character-chip-1/,ぴぽや 無料素材利用規約,
01-characters/pipoya-townsman-middle-a.png,キャラクター,中年男（色違いa）。32×32、4方向×3コマの歩き,96,128,36,ぴぽや倉庫,RPGキャラ基本セット（キャラチップ.zip）,ぴぽや,https://pipoya.net/sozai/assets/charachip/character-chip-1/,ぴぽや 無料素材利用規約,
01-characters/pipoya-townswoman-middle-a.png,キャラクター,中年女（色違いa）。32×32、4方向×3コマの歩き,96,128,35,ぴぽや倉庫,RPGキャラ基本セット（キャラチップ.zip）,ぴぽや,https://pipoya.net/sozai/assets/charachip/character-chip-1/,ぴぽや 無料素材利用規約,
01-characters/pipoya-old-woman-a.png,キャラクター,老人女（色違いa）。32×32、4方向×3コマの歩き,96,128,29,ぴぽや倉庫,RPGキャラ基本セット（キャラチップ.zip）,ぴぽや,https://pipoya.net/sozai/assets/charachip/character-chip-1/,ぴぽや 無料素材利用規約,
01-characters/pipoya2-catfolk-cream.png,キャラクター,猫にん・クリーム猫。32×32,96,128,13,ぴぽや倉庫,ぴぽやキャラチップ32出力素材（ぴぽや32×32 出力画像＋α）,ぴぽや,https://pipoya.net/sozai/assets/charachip/character-chip-2/,ぴぽや 無料素材利用規約,
01-characters/pipoya2-catfolk-tabby.png,キャラクター,猫にん・茶トラ。32×32,96,128,16,ぴぽや倉庫,ぴぽやキャラチップ32出力素材（ぴぽや32×32 出力画像＋α）,ぴぽや,https://pipoya.net/sozai/assets/charachip/character-chip-2/,ぴぽや 無料素材利用規約,
01-characters/pipoya2-catfolk-strawhat.png,キャラクター,猫にん・麦わら猫。32×32,96,128,21,ぴぽや倉庫,ぴぽやキャラチップ32出力素材（ぴぽや32×32 出力画像＋α）,ぴぽや,https://pipoya.net/sozai/assets/charachip/character-chip-2/,ぴぽや 無料素材利用規約,
01-characters/pipoya2-catfolk-winged-bear.png,キャラクター,猫にん・翼クマ。32×32,96,128,19,ぴぽや倉庫,ぴぽやキャラチップ32出力素材（ぴぽや32×32 出力画像＋α）,ぴぽや,https://pipoya.net/sozai/assets/charachip/character-chip-2/,ぴぽや 無料素材利用規約,
01-characters/pipoya2-catfolk-spotted.png,キャラクター,猫にん・ぶち猫。32×32,96,128,13,ぴぽや倉庫,ぴぽやキャラチップ32出力素材（ぴぽや32×32 出力画像＋α）,ぴぽや,https://pipoya.net/sozai/assets/charachip/character-chip-2/,ぴぽや 無料素材利用規約,
01-characters/pipoya2-catfolk-tortoiseshell.png,キャラクター,猫にん・サビ猫。32×32,96,128,24,ぴぽや倉庫,ぴぽやキャラチップ32出力素材（ぴぽや32×32 出力画像＋α）,ぴぽや,https://pipoya.net/sozai/assets/charachip/character-chip-2/,ぴぽや 無料素材利用規約,
07-town-indoor/oga-nats-house-tiles.png,町・屋内,8×8の家のタイル,56,80,8,OpenGameArt,Nat's 8x8 Starter Pack,nateonus,https://opengameart.org/content/nats-8x8-starter-pack,CC0 1.0,
02-monsters/oga-forest-redling.png,モンスター,森の丸い魔物（34×34）,34,34,8,OpenGameArt,Forestredling,marionline,https://opengameart.org/content/forestredling,CC0 1.0,
02-monsters/oga-plant-mushroom-enemies.png,モンスター,植物とキノコの魔物8種（歩き。48×48）,576,384,328,OpenGameArt,Plant and Mushroom Enemies charset and battlers,NettySvit,https://opengameart.org/content/plant-and-mushroom-enemies-charset-and-battlers,CC0 1.0,
