ID,カテゴリ,名前,色数,ファイル（フォルダ内）
b-01-akari,ボス,"灯里の歪み",16,bosses/png_8x/b-01-akari.png
b-02-mizukare,ボス,"水涸れの歪み",14,bosses/png_8x/b-02-mizukare.png
b-03-tsumini,ボス,"積荷の歪み",16,bosses/png_8x/b-03-tsumini.png
b-04-jikken,ボス,"実験の歪み",13,bosses/png_8x/b-04-jikken.png
b-05-sunaarashi,ボス,"砂嵐の歪み",13,bosses/png_8x/b-05-sunaarashi.png
b-06-yogen,ボス,"予言の歪み",12,bosses/png_8x/b-06-yogen.png
b-07-shisaku,ボス,"試作機の歪み",13,bosses/png_8x/b-07-shisaku.png
b-08-ukishima,ボス,"浮嶼の主",16,bosses/png_8x/b-08-ukishima.png
b-09-tomoshin-ban,ボス,"灯芯都の番人",15,bosses/png_8x/b-09-tomoshin-ban.png
b-10-owari-tomoshibi,ボス,"終わりの灯",15,bosses/png_8x/b-10-owari-tomoshibi.png
b-11-shogen,ボス,"初源の歪み",13,bosses/png_8x/b-11-shogen.png
b-12-yagami-mushin,ボス,"八神の一柱",12,bosses/png_8x/b-12-yagami-mushin.png
c1-01-yuri,人物,"ユーリ（16歳の新人調査員）",26,characters/png_8x/c1-01-yuri.png
c1-02-reto,人物,"レト（先輩調査員）",21,characters/png_8x/c1-02-reto.png
c1-03-mina,人物,"ミナ（麦香野の少女）",23,characters/png_8x/c1-03-mina.png
c1-04-guide,人物,"ガイド（商人の息子）",25,characters/png_8x/c1-04-guide.png
c1-05-orca,人物,"オルカ（元鉱夫）",23,characters/png_8x/c1-05-orca.png
c1-06-ayame,人物,"アヤメ（霜原の案内人）",25,characters/png_8x/c1-06-ayame.png
c1-07-kasen,人物,"カセン（灯里支部長）",25,characters/png_8x/c1-07-kasen.png
c1-08-edrea,人物,"エドレア（合議会代表）",21,characters/png_8x/c1-08-edrea.png
c1-09-dorn,人物,"ドルン（暗躍する仲介人）",23,characters/png_8x/c1-09-dorn.png
c1-10-sonchou,人物,"麦香野の村長",23,characters/png_8x/c1-10-sonchou.png
c1-11-watashimori,人物,"硝子湖の渡し守",22,characters/png_8x/c1-11-watashimori.png
c1-12-kumiaichou,人物,"鉄鏈の組合長",25,characters/png_8x/c1-12-kumiaichou.png
c1-13-taishou,人物,"砂音の隊商長",24,characters/png_8x/c1-13-taishou.png
c1-14-shisai,人物,"霧断崖の司祭",26,characters/png_8x/c1-14-shisai.png
c1-15-shijikan,人物,"写字官（碑文の下働き）",26,characters/png_8x/c1-15-shijikan.png
c1-16-bansho,人物,"霜原の番所の守り",21,characters/png_8x/c1-16-bansho.png
c1-17-osananajimi,人物,"ミナの幼なじみ（歪みの少年）",23,characters/png_8x/c1-17-osananajimi.png
c1-18-shisha,人物,"合議会の使者",26,characters/png_8x/c1-18-shisha.png
c1-19-motojime,人物,"密輸組織の元締め",24,characters/png_8x/c1-19-motojime.png
c1-20-shinja,人物,"静滅教団の信者",12,characters/png_8x/c1-20-shinja.png
c2-01-yadonushi,人物,"宿屋の主人",26,characters/png_8x/c2-01-yadonushi.png
c2-02-okami,人物,"宿屋の女将",26,characters/png_8x/c2-02-okami.png
c2-03-dogu-shonin,人物,"道具屋の商人",26,characters/png_8x/c2-03-dogu-shonin.png
c2-04-buki-ya,人物,"武器屋の主",25,characters/png_8x/c2-04-buki-ya.png
c2-05-kajiya,人物,"鍛冶屋",26,characters/png_8x/c2-05-kajiya.png
c2-06-shinkan,人物,"神官",26,characters/png_8x/c2-06-shinkan.png
c2-07-shudojo,人物,"修道女",21,characters/png_8x/c2-07-shudojo.png
c2-08-nofu,人物,"農夫",26,characters/png_8x/c2-08-nofu.png
c2-09-nofu-fujin,人物,"農婦",26,characters/png_8x/c2-09-nofu-fujin.png
c2-10-ryoshi,人物,"漁師",26,characters/png_8x/c2-10-ryoshi.png
c2-11-sendo,人物,"船頭",25,characters/png_8x/c2-11-sendo.png
c2-12-koufu,人物,"鉱夫",26,characters/png_8x/c2-12-koufu.png
c2-13-heishi,人物,"兵士",26,characters/png_8x/c2-13-heishi.png
c2-14-eihei-cho,人物,"衛兵長",26,characters/png_8x/c2-14-eihei-cho.png
c2-15-gakusha,人物,"学者",25,characters/png_8x/c2-15-gakusha.png
c2-16-ginyu-shijin,人物,"吟遊詩人",26,characters/png_8x/c2-16-ginyu-shijin.png
c2-17-odoriko,人物,"踊り子",26,characters/png_8x/c2-17-odoriko.png
c2-18-tabi-shonen,人物,"旅の少年",26,characters/png_8x/c2-18-tabi-shonen.png
c2-19-tabi-shojo,人物,"旅の少女",26,characters/png_8x/c2-19-tabi-shojo.png
c2-20-neko-ko,人物,"猫を抱いた子ども",25,characters/png_8x/c2-20-neko-ko.png
c3-01-ojiisan,人物,"お年寄りの男",22,characters/png_8x/c3-01-ojiisan.png
c3-02-obaasan,人物,"お年寄りの女",25,characters/png_8x/c3-02-obaasan.png
c3-03-otokonoko,人物,"町の男の子",25,characters/png_8x/c3-03-otokonoko.png
c3-04-onnanoko,人物,"町の女の子",25,characters/png_8x/c3-04-onnanoko.png
c3-05-haha,人物,"赤ん坊を抱く母",24,characters/png_8x/c3-05-haha.png
c3-06-panya,人物,"パン屋",25,characters/png_8x/c3-06-panya.png
c3-07-ryourinin,人物,"料理人",25,characters/png_8x/c3-07-ryourinin.png
c3-08-kusuriya,人物,"薬屋",24,characters/png_8x/c3-08-kusuriya.png
c3-09-uranaishi,人物,"占い師",22,characters/png_8x/c3-09-uranaishi.png
c3-10-gaka,人物,"画家",25,characters/png_8x/c3-10-gaka.png
c3-11-tabinokenshi,人物,"旅の剣士",25,characters/png_8x/c3-11-tabinokenshi.png
c3-12-kyoumei-hoteri,人物,"共鳴術士（火照）",26,characters/png_8x/c3-12-kyoumei-hoteri.png
c3-13-kyoumei-suimon,人物,"共鳴術士（水紋）",24,characters/png_8x/c3-13-kyoumei-suimon.png
c3-14-yumitsukai,人物,"弓使い",23,characters/png_8x/c3-14-yumitsukai.png
c3-15-touzoku,人物,"盗賊",25,characters/png_8x/c3-15-touzoku.png
c3-16-reijou,人物,"貴族の令嬢",24,characters/png_8x/c3-16-reijou.png
c3-17-shinshi,人物,"貴族の紳士",24,characters/png_8x/c3-17-shinshi.png
c3-18-toshokanin,人物,"図書館員",23,characters/png_8x/c3-18-toshokanin.png
c3-19-yuubin,人物,"郵便配達",26,characters/png_8x/c3-19-yuubin.png
c3-20-yopparai,人物,"酔っぱらい",24,characters/png_8x/c3-20-yopparai.png
i-01-hp,アイコン,"HP（ハート）",7,icons/png_8x/i-01-hp.png
i-02-mp,アイコン,"MP（星の雫）",8,icons/png_8x/i-02-mp.png
i-03-kogeki,アイコン,"こうげき（剣）",8,icons/png_8x/i-03-kogeki.png
i-04-mamori,アイコン,"まもり（盾）",9,icons/png_8x/i-04-mamori.png
i-05-subayasa,アイコン,"すばやさ（羽）",7,icons/png_8x/i-05-subayasa.png
i-06-doku,アイコン,"どく",10,icons/png_8x/i-06-doku.png
i-07-nemuri,アイコン,"ねむり",9,icons/png_8x/i-07-nemuri.png
i-08-mahi,アイコン,"まひ",7,icons/png_8x/i-08-mahi.png
k-01-kaifukuyaku-sho,アイテム,"回復薬（小）",12,items/png_8x/k-01-kaifukuyaku-sho.png
k-02-kaifukuyaku-dai,アイテム,"回復薬（大）",14,items/png_8x/k-02-kaifukuyaku-dai.png
k-03-maryoku-mizu,アイテム,"魔力の水",12,items/png_8x/k-03-maryoku-mizu.png
k-04-bannouyaku,アイテム,"万能薬",14,items/png_8x/k-04-bannouyaku.png
k-05-mezame-no-kou,アイテム,"目覚めの香",14,items/png_8x/k-05-mezame-no-kou.png
k-06-akari-ishi,アイテム,"灯り石",9,items/png_8x/k-06-akari-ishi.png
k-07-akari-ishi-kakera,アイテム,"灯り石のかけら",9,items/png_8x/k-07-akari-ishi-kakera.png
k-08-gokui-sho,アイテム,"極意書",11,items/png_8x/k-08-gokui-sho.png
k-09-chizu,アイテム,"地図",12,items/png_8x/k-09-chizu.png
k-10-furui-tegami,アイテム,"古い手紙",8,items/png_8x/k-10-furui-tegami.png
k-11-shinchuu-no-kagi,アイテム,"真鍮の鍵",6,items/png_8x/k-11-shinchuu-no-kagi.png
k-12-akari-lantern,アイテム,"灯りのランタン",10,items/png_8x/k-12-akari-lantern.png
k-13-pan,アイテム,"パン",9,items/png_8x/k-13-pan.png
k-14-hoshi-niku,アイテム,"干し肉",11,items/png_8x/k-14-hoshi-niku.png
k-15-suitou,アイテム,"水筒",10,items/png_8x/k-15-suitou.png
k-16-kobukuro,アイテム,"小袋（灯貨）",11,items/png_8x/k-16-kobukuro.png
k-17-kinka,アイテム,"金貨",8,items/png_8x/k-17-kinka.png
k-18-houseki-aka,アイテム,"宝石（赤）",9,items/png_8x/k-18-houseki-aka.png
k-19-inori-no-fuda,アイテム,"祈りの札",12,items/png_8x/k-19-inori-no-fuda.png
k-20-rashinban,アイテム,"羅針盤",13,items/png_8x/k-20-rashinban.png
w-01-tabibito-tsurugi,アイテム,"旅人の剣",14,items/png_8x/w-01-tabibito-tsurugi.png
w-02-akari-ishi-no-tsurugi,アイテム,"灯り石の剣",13,items/png_8x/w-02-akari-ishi-no-tsurugi.png
w-03-tanken,アイテム,"短剣",15,items/png_8x/w-03-tanken.png
w-04-oo-ono,アイテム,"大斧",13,items/png_8x/w-04-oo-ono.png
w-05-yari,アイテム,"槍",18,items/png_8x/w-05-yari.png
w-06-yumi,アイテム,"弓",13,items/png_8x/w-06-yumi.png
w-07-kyoumei-no-tsue,アイテム,"共鳴の杖",13,items/png_8x/w-07-kyoumei-no-tsue.png
w-08-kobushi-gu,アイテム,"拳具",10,items/png_8x/w-08-kobushi-gu.png
w-09-ki-no-tate,アイテム,"木の盾",13,items/png_8x/w-09-ki-no-tate.png
w-10-tetsu-no-tate,アイテム,"鉄の盾",7,items/png_8x/w-10-tetsu-no-tate.png
w-11-akari-no-tate,アイテム,"灯りの盾",13,items/png_8x/w-11-akari-no-tate.png
w-12-kawa-no-kabuto,アイテム,"革の兜",6,items/png_8x/w-12-kawa-no-kabuto.png
w-13-tetsu-kabuto,アイテム,"鉄兜",11,items/png_8x/w-13-tetsu-kabuto.png
w-14-tabi-shouzoku,アイテム,"旅装束",14,items/png_8x/w-14-tabi-shouzoku.png
w-15-kusari-katabira,アイテム,"鎖かたびら",13,items/png_8x/w-15-kusari-katabira.png
w-16-ro-bu,アイテム,"ローブ",12,items/png_8x/w-16-ro-bu.png
w-17-kawa-no-butsu,アイテム,"革のブーツ",12,items/png_8x/w-17-kawa-no-butsu.png
w-18-ma-nto,アイテム,"マント",12,items/png_8x/w-18-ma-nto.png
w-19-tonga-ri-boushi,アイテム,"とんがり帽子",11,items/png_8x/w-19-tonga-ri-boushi.png
w-20-mamori-no-udewa,アイテム,"守りの腕輪",10,items/png_8x/w-20-mamori-no-udewa.png
m1-01-akari-nezumi,敵,"灯り鼠",12,monsters/png_8x/m1-01-akari-nezumi.png
m1-02-yoru-hamushi,敵,"夜の羽虫",15,monsters/png_8x/m1-02-yoru-hamushi.png
m1-03-yugami-komari,敵,"歪みの小塊",9,monsters/png_8x/m1-03-yugami-komari.png
m1-04-mayoibi,敵,"迷い火",9,monsters/png_8x/m1-04-mayoibi.png
m1-05-michibata-ibara,敵,"道端の茨",12,monsters/png_8x/m1-05-michibata-ibara.png
m1-06-mizukare-kaeru,敵,"水涸れの蛙",11,monsters/png_8x/m1-06-mizukare-kaeru.png
m1-07-hibiware-doroningyo,敵,"ひび割れ泥人形",9,monsters/png_8x/m1-07-hibiware-doroningyo.png
m1-08-kazaguruma-kakashi,敵,"風車のかかし",18,monsters/png_8x/m1-08-kazaguruma-kakashi.png
m1-09-mugiho-yousei,敵,"麦穂の妖精",16,monsters/png_8x/m1-09-mugiho-yousei.png
m1-10-kareta-ne,敵,"枯れた根",8,monsters/png_8x/m1-10-kareta-ne.png
m1-11-garasu-no-sakana,敵,"硝子の魚",11,monsters/png_8x/m1-11-garasu-no-sakana.png
m1-12-minato-no-oogani,敵,"港の大蟹",8,monsters/png_8x/m1-12-minato-no-oogani.png
m1-13-tsumini-hakomushi,敵,"積荷の箱虫",11,monsters/png_8x/m1-13-tsumini-hakomushi.png
m1-14-nawa-no-hebi,敵,"縄の蛇",12,monsters/png_8x/m1-14-nawa-no-hebi.png
m1-15-akariishi-kurage,敵,"灯り石のくらげ",12,monsters/png_8x/m1-15-akariishi-kurage.png
m1-16-sabi-no-mushi,敵,"錆の蟲",11,monsters/png_8x/m1-16-sabi-no-mushi.png
m1-17-koudou-no-koumori,敵,"坑道のコウモリ",10,monsters/png_8x/m1-17-koudou-no-koumori.png
m1-18-tessa-no-bourei,敵,"鉄鎖の亡霊",9,monsters/png_8x/m1-18-tessa-no-bourei.png
m1-19-iwakui,敵,"岩喰い",11,monsters/png_8x/m1-19-iwakui.png
m1-20-torokko-kikaihei,敵,"トロッコの機械兵",13,monsters/png_8x/m1-20-torokko-kikaihei.png
m1-21-koseki-no-kumo,敵,"鉱石の蜘蛛",12,monsters/png_8x/m1-21-koseki-no-kumo.png
m1-22-rakuban-no-kyojin,敵,"落盤の巨人",9,monsters/png_8x/m1-22-rakuban-no-kyojin.png
m1-23-susu-no-rei,敵,"煤の霊",10,monsters/png_8x/m1-23-susu-no-rei.png
m1-24-jikken-no-shippaisaku,敵,"実験の失敗作",14,monsters/png_8x/m1-24-jikken-no-shippaisaku.png
m1-25-kusari-no-inu,敵,"鎖につながれた犬",11,monsters/png_8x/m1-25-kusari-no-inu.png
m2-01-sunamimizu,敵,"砂ミミズ",16,monsters/png_8x/m2-01-sunamimizu.png
m2-02-suna-sasori,敵,"砂の蠍",12,monsters/png_8x/m2-02-suna-sasori.png
m2-03-shinkirou-kage,敵,"蜃気楼の影",10,monsters/png_8x/m2-03-shinkirou-kage.png
m2-04-yazoku-rei,敵,"隊商荒らしの野盗の霊",18,monsters/png_8x/m2-04-yazoku-rei.png
m2-05-saboten,敵,"サボテンの魔物",18,monsters/png_8x/m2-05-saboten.png
m2-06-kiri-borei,敵,"霧の亡霊",8,monsters/png_8x/m2-06-kiri-borei.png
m2-07-sekihi-medama,敵,"石碑の目玉",20,monsters/png_8x/m2-07-sekihi-medama.png
m2-08-gake-washi,敵,"崖鷲",18,monsters/png_8x/m2-08-gake-washi.png
m2-09-kanemori-sekizou,敵,"鐘守りの石像",17,monsters/png_8x/m2-09-kanemori-sekizou.png
m2-10-hibun-mojimushi,敵,"碑文の文字虫",11,monsters/png_8x/m2-10-hibun-mojimushi.png
m2-11-koori-ookami,敵,"氷の狼",13,monsters/png_8x/m2-11-koori-ookami.png
m2-12-shimo-sei,敵,"霜の精",11,monsters/png_8x/m2-12-shimo-sei.png
m2-13-koootta-hei,敵,"凍った兵の亡骸",15,monsters/png_8x/m2-13-koootta-hei.png
m2-14-yuki-tori,敵,"雪の鳥",15,monsters/png_8x/m2-14-yuki-tori.png
m2-15-tsurara-kumo,敵,"氷柱の蜘蛛",14,monsters/png_8x/m2-15-tsurara-kumo.png
m2-16-kikai-inu,敵,"機械の犬",14,monsters/png_8x/m2-16-kikai-inu.png
m2-17-fuyuu-iwa-me,敵,"浮遊する岩の目",21,monsters/png_8x/m2-17-fuyuu-iwa-me.png
m2-18-kumo-kujira,敵,"雲のくじら（小）",13,monsters/png_8x/m2-18-kumo-kujira.png
m2-19-kaze-choujin,敵,"風の鳥人",18,monsters/png_8x/m2-19-kaze-choujin.png
m2-20-ikou-shugozou,敵,"遺構の守護像",12,monsters/png_8x/m2-20-ikou-shugozou.png
m2-21-gaitou-borei,敵,"街灯の亡霊",14,monsters/png_8x/m2-21-gaitou-borei.png
m2-22-gikai-kage-tsukai,敵,"合議会の影の使い",18,monsters/png_8x/m2-22-gikai-kage-tsukai.png
m2-23-haguruma-banken,敵,"歯車の番犬",14,monsters/png_8x/m2-23-haguruma-banken.png
m2-24-akari-wa-kakera,敵,"灯の環のかけら",11,monsters/png_8x/m2-24-akari-wa-kakera.png
m2-25-korou-kishi,敵,"虚灯の騎士",18,monsters/png_8x/m2-25-korou-kishi.png
o-01-hirobaju,マップの物,"広葉樹",10,objects/png_8x/o-01-hirobaju.png
o-02-shinyoju,マップの物,"針葉樹",9,objects/png_8x/o-02-shinyoju.png
o-03-iwa,マップの物,"岩",9,objects/png_8x/o-03-iwa.png
o-04-akaya-ie,マップの物,"赤い屋根の家",16,objects/png_8x/o-04-akaya-ie.png
o-05-aoya-ie,マップの物,"青い屋根の家",15,objects/png_8x/o-05-aoya-ie.png
o-06-yadoya-kanban,マップの物,"宿屋の看板",14,objects/png_8x/o-06-yadoya-kanban.png
o-07-ido,マップの物,"井戸",16,objects/png_8x/o-07-ido.png
o-08-fusha,マップの物,"風車",13,objects/png_8x/o-08-fusha.png
o-09-gaito,マップの物,"街灯（灯り石）",10,objects/png_8x/o-09-gaito.png
o-10-todai,マップの物,"灯台",16,objects/png_8x/o-10-todai.png
o-11-ishibashi,マップの物,"石橋",12,objects/png_8x/o-11-ishibashi.png
o-12-machi-mon,マップの物,"町の門",15,objects/png_8x/o-12-machi-mon.png
o-13-ki-no-tobira,マップの物,"木の扉",15,objects/png_8x/o-13-ki-no-tobira.png
o-14-takarabako-tojiru,マップの物,"宝箱（閉）",11,objects/png_8x/o-14-takarabako-tojiru.png
o-15-takarabako-hiraku,マップの物,"宝箱（開）",15,objects/png_8x/o-15-takarabako-hiraku.png
o-16-taru,マップの物,"樽",10,objects/png_8x/o-16-taru.png
o-17-kibako-yama,マップの物,"木箱の山",11,objects/png_8x/o-17-kibako-yama.png
o-18-keijiban,マップの物,"掲示板",14,objects/png_8x/o-18-keijiban.png
o-19-hakaishi,マップの物,"墓石",13,objects/png_8x/o-19-hakaishi.png
o-20-takibi,マップの物,"焚き火",14,objects/png_8x/o-20-takibi.png
o-21-tento,マップの物,"テント",13,objects/png_8x/o-21-tento.png
o-22-hobune,マップの物,"帆船",15,objects/png_8x/o-22-hobune.png
o-23-hosha,マップの物,"帆走車",16,objects/png_8x/o-23-hosha.png
o-24-akari-ishi-no-hashira,マップの物,"灯り石の柱",12,objects/png_8x/o-24-akari-ishi-no-hashira.png
o-25-iseki-no-hashira,マップの物,"遺跡の柱",10,objects/png_8x/o-25-iseki-no-hashira.png
o-26-saboten,マップの物,"砂漠のサボテン",13,objects/png_8x/o-26-saboten.png
o-27-kiri-no-sekihi,マップの物,"霧の石碑",12,objects/png_8x/o-27-kiri-no-sekihi.png
o-28-ukijima-no-iwa,マップの物,"浮島の岩",15,objects/png_8x/o-28-ukijima-no-iwa.png
o-29-suisha,マップの物,"水車",15,objects/png_8x/o-29-suisha.png
o-30-kakashi,マップの物,"かかし",17,objects/png_8x/o-30-kakashi.png
